# {"t_start": 1593250725.0123248, "env_id": null} 
r,l,t
893.0,5447,55.107295
2785.0,2025,74.064802
588.0,364,77.459671
593.0,359,80.834232
612.0,348,84.194007
593.0,353,87.545959
612.0,348,90.792522
612.0,348,94.040675
612.0,348,97.284297
601.0,354,100.562009
607.0,355,103.891565
604.0,354,107.242883
606.0,354,110.5462
591.0,417,114.385488
603.0,364,117.854665
1135.0,533,122.88892
612.0,348,126.21221
605.0,354,129.506535
604.0,348,132.75293
611.0,348,135.993555
610.0,348,139.243317
612.0,348,142.500211
606.0,348,145.715564
601.0,353,148.976026
589.0,355,152.280485
612.0,348,155.520337
612.0,348,158.761336
611.0,348,161.968265
608.0,349,165.2374
977.0,506,169.971688
967.0,458,174.273814
593.0,457,178.566669
1343.0,522,183.506027
606.0,352,186.817601
1475.0,670,193.09438
997.0,459,197.400292
979.0,542,202.549083
968.0,441,206.714682
612.0,348,209.962724
985.0,418,213.907563
599.0,354,217.205817
1011.0,495,221.800601
1106.0,659,227.936849
1182.0,520,232.804746
607.0,348,236.030283
606.0,359,239.416653
978.0,495,244.017949
2182.0,1059,253.884143
971.0,451,258.136863
985.0,458,262.419915
1695.0,822,270.121504
1380.0,700,276.613986
980.0,537,281.684657
608.0,354,284.986976
1008.0,490,289.554732
966.0,411,293.40987
1336.0,521,298.310152
604.0,354,301.628972
1473.0,656,307.770271
1725.0,581,313.239425
942.0,417,317.14513
1350.0,514,322.085535
2130.0,825,330.185367
958.0,522,335.150427
1153.0,726,341.930142
1541.0,831,349.766804
2308.0,893,358.048805
553.0,387,361.737969
2125.0,764,368.952673
564.0,375,372.420005
585.0,360,375.782963
594.0,355,379.163981
962.0,485,383.675988
1158.0,579,389.185077
938.0,473,393.721328
555.0,381,397.322999
533.0,391,400.994524
1485.0,929,409.635766
557.0,385,413.216868
924.0,595,418.751106
554.0,380,422.299949
542.0,391,425.979929
1391.0,697,432.533331
559.0,404,436.352556
551.0,385,440.016711
561.0,380,443.618817
560.0,379,447.202018
557.0,376,450.755868
924.0,548,455.893735
555.0,381,459.434838
569.0,372,462.916099
976.0,483,467.396014
597.0,353,470.722865
585.0,378,474.289437
1782.0,715,480.942354
1567.0,618,486.710954
600.0,350,489.983642
1328.0,617,495.779693
577.0,369,499.259847
981.0,553,504.512248
1296.0,628,510.320877
956.0,587,515.864305
572.0,376,519.412986
576.0,366,522.85851
974.0,489,527.489214
1541.0,666,533.728646
577.0,368,537.157888
980.0,449,541.351106
1181.0,612,547.094245
585.0,362,550.469745
972.0,421,554.389784
572.0,370,557.859025
1058.0,682,564.234649
980.0,570,569.553057
1362.0,655,575.682703
947.0,515,580.511852
1391.0,586,585.929654
1365.0,522,590.824368
971.0,445,594.999169
1898.0,804,602.572905
1472.0,643,608.67759
559.0,389,612.289708
919.0,492,616.982026
543.0,385,620.614793
1763.0,831,628.429042
919.0,517,633.441104
926.0,622,639.582465
546.0,391,643.371619
1349.0,643,649.4737
1121.0,632,655.379458
1053.0,590,660.87393
918.0,480,665.415809
1098.0,595,671.04477
968.0,459,675.354399
2218.0,1127,686.047119
929.0,1743,702.664056
947.0,476,707.127849
1532.0,661,713.400616
3062.0,3459,745.893138
940.0,571,751.266341
961.0,560,756.502045
1434.0,723,763.337639
2166.0,942,772.220586
558.0,384,775.811064
964.0,646,781.905305
921.0,511,786.708454
2333.0,971,795.774624
1804.0,830,803.550428
1576.0,794,811.000156
935.0,541,816.05409
557.0,381,819.636936
1390.0,648,825.690974
960.0,461,830.08677
958.0,475,834.538934
579.0,364,837.940081
951.0,623,843.820134
1344.0,537,848.948599
1576.0,754,856.080539
555.0,382,859.697865
971.0,445,863.848284
2904.0,2388,886.288485
2203.0,957,895.265944
977.0,524,900.246906
959.0,501,904.937086
565.0,375,908.479106
569.0,376,912.016205
979.0,548,917.154682
1664.0,586,922.759242
1093.0,558,928.067673
1350.0,616,933.907053
978.0,448,938.1291
1386.0,541,943.30027
1180.0,532,948.559268
1768.0,777,956.026131
953.0,442,960.159955
1758.0,681,966.572404
976.0,467,970.932487
568.0,373,974.428389
940.0,463,978.80364
1394.0,689,985.309741
577.0,368,988.800732
994.0,520,993.660228
947.0,448,997.841881
593.0,354,1001.277643
584.0,374,1004.888046
1166.0,585,1010.510343
607.0,354,1013.886959
1084.0,516,1018.759025
601.0,352,1022.065623
1339.0,566,1027.377173
1788.0,611,1033.14472
596.0,382,1036.735412
1754.0,587,1042.294249
587.0,364,1045.724191
962.0,440,1049.88095
1396.0,580,1055.369415
1725.0,709,1062.001424
989.0,423,1065.978108
1401.0,575,1071.410338
960.0,464,1075.788027
1409.0,617,1081.684664
1400.0,555,1086.974094
974.0,459,1091.369615
1127.0,543,1096.536124
979.0,459,1100.864481
608.0,348,1104.151151
1637.0,700,1110.704985
978.0,446,1114.8804
973.0,448,1119.130694
974.0,432,1123.186207
1687.0,696,1129.725622
2110.0,797,1137.238936
1379.0,592,1142.835548
2209.0,852,1150.902464
2002.0,866,1159.071437
1960.0,894,1167.56051
1610.0,556,1172.881496
2304.0,3657,1207.242979
962.0,406,1211.12758
1382.0,581,1216.597866
1763.0,654,1222.747685
996.0,466,1227.135569
1753.0,674,1233.448853
2149.0,860,1241.57372
1339.0,569,1246.994648
1320.0,560,1252.338204
1377.0,554,1257.902154
3259.0,5259,1307.988249
1865.0,794,1315.489104
966.0,523,1320.450654
1428.0,854,1328.593297
1454.0,888,1337.08914
1803.0,1113,1347.638659
1773.0,1140,1358.46001
1908.0,944,1367.294208
1477.0,729,1374.198724
2307.0,824,1381.968644
955.0,480,1386.582943
1767.0,781,1394.067391
1385.0,495,1398.817864
1358.0,638,1404.940415
2152.0,685,1411.531833
2355.0,793,1419.139097
984.0,427,1423.182051
948.0,428,1427.256404
1546.0,678,1433.701521
981.0,414,1437.61759
2366.0,984,1446.914091
2854.0,743,1454.007482
577.0,380,1457.6152
1832.0,605,1463.402984
1519.0,569,1468.753679
2308.0,897,1477.349787
907.0,562,1482.702046
2025.0,955,1491.995063
2731.0,1359,1504.882406
1537.0,859,1513.095556
1467.0,596,1518.78594
1346.0,595,1524.440195
2299.0,789,1531.923666
1891.0,609,1537.763241
2132.0,1117,1548.371102
2149.0,831,1556.367483
2149.0,871,1564.712098
1936.0,885,1573.590236
1754.0,1512,1588.181919
2332.0,970,1597.529097
1658.0,880,1605.988695
2211.0,820,1614.111097
2240.0,835,1622.189127
2723.0,956,1631.329697
1771.0,748,1638.528254
1532.0,605,1644.353322
3327.0,1293,1656.945597
1691.0,668,1663.333383
2314.0,975,1672.699637
1784.0,779,1680.198684
539.0,391,1683.992202
936.0,569,1689.444671
1806.0,853,1697.715038
553.0,380,1701.420169
979.0,522,1706.43734
1369.0,595,1712.167844
1725.0,750,1719.426676
1388.0,596,1725.182983
2628.0,1193,1736.725919
2397.0,868,1745.07767
1460.0,613,1750.979059
1505.0,670,1757.394927
1993.0,858,1765.607272
1487.0,616,1771.543908
952.0,504,1776.428049
554.0,386,1780.130816
552.0,387,1783.867775
1379.0,569,1789.305098
1535.0,717,1796.210948
541.0,385,1799.903367
1383.0,728,1807.011761
1137.0,664,1813.417845
1722.0,899,1822.074818
949.0,496,1826.789502
554.0,386,1830.488733
1505.0,726,1837.464489
2363.0,914,1846.153269
1384.0,628,1852.093451
1144.0,606,1857.795632
1749.0,867,1866.02025
551.0,382,1869.698157
1312.0,575,1875.262012
1724.0,777,1883.088129
2196.0,751,1890.376225
1436.0,651,1896.676222
2207.0,832,1904.576086
548.0,387,1908.260016
976.0,538,1913.386029
2320.0,809,1921.295458
2114.0,3783,1957.442765
2040.0,5492,2010.464393
510.0,509,2015.310431
1946.0,5396,2067.232148
1708.0,961,2076.42746
3052.0,4510,2119.594902
948.0,595,2125.305102
2363.0,1279,2137.675809
2166.0,813,2145.394417
1741.0,682,2151.87977
935.0,477,2156.391886
2702.0,1082,2166.689745
1585.0,769,2174.01703
2680.0,1632,2189.892111
2142.0,655,2196.335478
2207.0,1002,2205.838298
2571.0,822,2213.652161
1756.0,680,2220.173607
984.0,427,2224.344471
1778.0,689,2230.921137
1846.0,687,2237.407386
2095.0,919,2246.116299
2202.0,795,2253.751608
1547.0,556,2259.029063
1935.0,613,2264.878513
1894.0,632,2270.883397
1397.0,559,2276.17593
2197.0,668,2282.620177
528.0,395,2286.43347
1517.0,608,2292.313596
2997.0,867,2300.718676
1756.0,737,2307.751693
1391.0,847,2315.839968
3156.0,1058,2325.955318
1752.0,621,2331.876601
2851.0,983,2341.267871
2149.0,698,2347.915194
1322.0,462,2352.306441
1373.0,539,2357.430337
1618.0,690,2364.090358
2150.0,725,2370.992872
569.0,376,2374.607654
1346.0,535,2379.784706
1760.0,709,2386.544114
2443.0,931,2395.464778
1621.0,698,2402.155788
1394.0,529,2407.211304
1438.0,652,2413.428779
1113.0,500,2418.216536
1363.0,527,2423.20055
1759.0,618,2429.033851
1379.0,540,2434.178269
2369.0,808,2441.877083
2020.0,659,2448.125218
2145.0,635,2454.233722
2443.0,756,2461.507441
2562.0,861,2469.655193
1777.0,650,2475.845457
1376.0,484,2480.471787
1496.0,612,2486.314802
1486.0,616,2492.154863
2159.0,831,2500.38682
2136.0,818,2508.350777
915.0,465,2512.761566
2012.0,878,2521.155483
1406.0,737,2528.319021
1376.0,583,2533.976496
2600.0,971,2543.290948
1349.0,695,2549.877748
1778.0,747,2557.000206
2717.0,1121,2567.754999
1751.0,738,2574.725175
1352.0,754,2581.920038
2276.0,1047,2591.957623
1291.0,581,2597.523515
1993.0,781,2605.017619
2406.0,2985,2633.648723
2016.0,727,2640.573631
1812.0,761,2647.86088
2708.0,895,2656.359638
1958.0,704,2663.094528
2855.0,878,2671.513129
2014.0,733,2678.479917
1841.0,704,2685.213662
1473.0,608,2691.000116
1335.0,528,2696.066596
923.0,474,2700.665477
2270.0,759,2707.858634
2164.0,779,2715.266014
2522.0,911,2723.972842
1689.0,550,2729.172231
1923.0,638,2735.231762
1443.0,585,2740.793615
1610.0,2804,2767.56363
1345.0,608,2773.445279
954.0,476,2778.071236
1367.0,731,2785.100275
1036.0,496,2789.845545
2031.0,728,2796.776949
1312.0,740,2803.831186
952.0,472,2808.467326
1812.0,633,2814.815244
1839.0,662,2821.194671
2816.0,3195,2851.758414
532.0,389,2855.516591
1354.0,578,2861.147109
1756.0,884,2869.56653
1289.0,584,2875.057752
2623.0,783,2882.556377
1642.0,691,2889.150843
2860.0,951,2898.24191
1534.0,632,2904.239554
1427.0,575,2909.725986
1327.0,544,2914.88044
1398.0,662,2921.130807
1541.0,807,2928.871893
1955.0,689,2935.496726
1841.0,717,2942.444227
1965.0,691,2949.002743
557.0,382,2952.655617
569.0,373,2956.21658
1749.0,756,2963.436763
2608.0,946,2972.475576
2127.0,790,2980.032363
1384.0,559,2985.413403
553.0,386,2989.161664
548.0,386,2992.871224
923.0,503,2997.711492
568.0,380,3001.39958
2662.0,1086,3011.812655
1751.0,686,3018.516801
949.0,477,3023.146758
1543.0,608,3028.947915
1784.0,623,3034.922546
966.0,499,3039.784313
2212.0,892,3048.320715
2608.0,1062,3058.587574
926.0,542,3063.786603
1315.0,549,3069.083133
551.0,389,3072.792398
1124.0,560,3078.152648
927.0,483,3082.774076
2668.0,1085,3093.24453
2168.0,823,3101.270405
899.0,498,3106.113202
1882.0,811,3113.873667
1958.0,910,3122.938915
1381.0,601,3128.909208
1127.0,601,3134.750118
1447.0,651,3141.222053
2435.0,1057,3151.352774
1500.0,636,3157.460448
1530.0,729,3164.482286
1746.0,791,3172.053862
920.0,517,3177.01435
1723.0,852,3185.282041
1372.0,664,3191.68251
918.0,475,3196.254955
1740.0,807,3203.978939
1877.0,866,3212.322937
2067.0,1074,3222.684219
1406.0,705,3229.488724
572.0,379,3233.107556
1919.0,826,3241.078389
1367.0,567,3246.52598
1028.0,548,3251.807769
1311.0,582,3257.463414
2193.0,2859,3285.016042
1666.0,775,3292.427489
933.0,590,3298.038957
1794.0,675,3304.576395
1046.0,589,3310.290643
1489.0,753,3317.496502
1892.0,752,3324.782957
1384.0,607,3330.67817
2256.0,923,3339.561004
541.0,395,3343.436886
1377.0,649,3349.632256
1800.0,663,3355.969419
2220.0,791,3363.607108
1347.0,569,3369.068757
1565.0,758,3376.331889
1372.0,721,3383.277917
929.0,461,3387.673739
1844.0,619,3393.6187
2194.0,933,3402.561833
882.0,528,3407.647934
1954.0,840,3415.720113
1375.0,664,3422.183036
915.0,484,3426.863895
2287.0,871,3435.690687
572.0,368,3439.346094
2170.0,1200,3451.110626
1064.0,701,3457.900618
999.0,782,3465.536032
2050.0,897,3474.251605
564.0,378,3477.947336
1768.0,658,3484.371312
939.0,448,3488.740864
1364.0,691,3495.42637
1925.0,908,3504.314064
589.0,363,3507.824864
1982.0,802,3515.615617
1367.0,572,3521.136573
959.0,494,3525.889697
2301.0,901,3534.591691
1573.0,703,3541.410753
2060.0,905,3550.220589
936.0,499,3555.082856
1364.0,830,3563.092816
920.0,1786,3580.456653
1731.0,725,3587.574151
1561.0,675,3594.157189
1713.0,627,3600.244079
1697.0,707,3607.07892
1743.0,759,3614.454465
1368.0,648,3620.775212
1405.0,593,3626.523392
1483.0,648,3632.745945
938.0,449,3637.064071
1353.0,567,3642.51033
510.0,405,3646.420047
2145.0,785,3653.997011
933.0,497,3658.861525
1351.0,670,3665.390819
1483.0,665,3671.811268
1482.0,660,3678.265033
1770.0,730,3685.330581
1611.0,2831,3712.587062
1919.0,807,3720.362095
1375.0,597,3726.158959
1387.0,641,3732.387818
1329.0,617,3738.383676
1718.0,818,3746.815642
544.0,392,3750.779724
1593.0,687,3757.428454
1466.0,826,3765.501382
897.0,549,3770.759523
930.0,559,3776.176697
2603.0,869,3784.591149
1507.0,617,3790.567009
1764.0,666,3797.060157
1924.0,699,3803.797777
920.0,493,3808.554462
1355.0,814,3816.436112
1505.0,620,3822.512546
1314.0,606,3828.39628
1154.0,583,3834.038113
1752.0,819,3841.977714
1473.0,624,3848.006972
1062.0,951,3857.19376
1500.0,612,3863.075857
986.0,2156,3883.924105
2589.0,882,3892.431818
902.0,531,3897.602201
1355.0,665,3904.1388
1485.0,637,3910.338687
2605.0,962,3919.637813
523.0,405,3923.534193
935.0,567,3928.978998
1011.0,641,3935.179179
1376.0,618,3941.150106
2582.0,959,3950.399834
533.0,400,3954.297332
964.0,1026,3964.294887
1321.0,616,3970.254121
1299.0,656,3976.598512
925.0,516,3981.663978
2835.0,935,3990.797866
1370.0,621,3996.758937
1388.0,667,4003.208408
1781.0,779,4010.714663
943.0,492,4015.485248
960.0,492,4020.205495
3397.0,1981,4039.391583
551.0,375,4043.064484
1600.0,689,4049.744918
965.0,465,4054.539393
961.0,427,4058.918267
1693.0,628,4065.099251
1336.0,540,4070.329318
3296.0,999,4079.947074
1123.0,716,4086.906207
1115.0,510,4091.846124
1610.0,624,4097.87893
1873.0,611,4103.782625
1393.0,635,4109.95527
1340.0,572,4115.537696
1919.0,768,4122.931499
1158.0,566,4128.409066
570.0,375,4132.03312
941.0,465,4136.544235
1462.0,624,4142.653402
2210.0,765,4150.151767
1511.0,626,4156.262984
936.0,419,4160.324935
2863.0,868,4168.763825
1368.0,630,4174.970477
1842.0,647,4181.228312
1754.0,640,4187.46974
961.0,479,4192.065169
2445.0,764,4199.416402
1676.0,601,4205.229211
1761.0,649,4211.540789
1786.0,730,4218.622345
1334.0,520,4223.747297
2409.0,818,4231.79085
1462.0,599,4237.572737
1774.0,698,4244.280021
578.0,366,4247.815525
2485.0,1756,4264.855187
1718.0,665,4271.278543
2212.0,734,4278.34166
1484.0,570,4283.883322
1899.0,667,4290.352876
1954.0,795,4298.057489
1745.0,753,4305.438521
2146.0,789,4313.121502
2514.0,870,4321.565385
1313.0,550,4326.912067
1332.0,618,4332.88711
2390.0,865,4341.243432
953.0,454,4345.646578
1381.0,582,4351.253873
1317.0,630,4357.355886
1694.0,644,4363.95032
1426.0,625,4370.317848
1346.0,696,4377.096798
1379.0,681,4383.803628
538.0,386,4387.590778
1327.0,622,4393.688429
2045.0,821,4401.707593
1938.0,1777,4418.99705
1480.0,2585,4444.164359
1058.0,702,4450.987137
2269.0,794,4458.772445
2129.0,833,4466.956871
2614.0,1057,4477.175754
1592.0,628,4483.317058
1533.0,643,4489.591927
2139.0,790,4497.296577
1406.0,636,4503.502582
1837.0,733,4510.663969
2186.0,876,4519.22927
1801.0,694,4525.963754
1718.0,791,4533.679781
1147.0,594,4539.336074
1770.0,716,4546.334394
934.0,505,4551.334037
1315.0,585,4557.01369
1135.0,597,4562.819289
1334.0,527,4567.872033
1766.0,604,4573.688677
545.0,420,4577.707233
1622.0,845,4585.903959
912.0,511,4590.861626
950.0,482,4595.507446
2163.0,855,4603.756369
1756.0,743,4610.933833
2542.0,1753,4628.055594
1352.0,706,4634.874406
931.0,531,4639.97311
2004.0,836,4648.192044
546.0,402,4652.059267
1442.0,753,4659.361442
1814.0,960,4668.856718
1886.0,759,4676.520476
1344.0,603,4682.564224
1909.0,817,4690.524044
2288.0,801,4698.400224
1666.0,789,4706.042236
2738.0,958,4715.390446
1538.0,718,4722.37095
550.0,422,4726.414426
1418.0,642,4732.673052
2752.0,1118,4743.450469
1776.0,870,4751.850359
1774.0,724,4758.820601
2342.0,936,4767.877692
1371.0,691,4774.576206
1293.0,556,4779.97628
1355.0,703,4786.879457
2154.0,948,4796.099945
2202.0,831,4804.17059
2328.0,992,4813.687743
2219.0,990,4823.282045
962.0,559,4828.699762
1487.0,629,4834.827053
924.0,503,4839.687609
2201.0,952,4848.899091
2706.0,977,4858.294802
1499.0,667,4864.807768
1375.0,598,4870.635124
1794.0,811,4878.568216
1326.0,544,4883.825545
2119.0,850,4891.98355
1829.0,2920,4920.290328
2262.0,936,4929.317864
2617.0,1001,4939.067257
2467.0,866,4947.488814
2325.0,912,4956.400684
1838.0,726,4963.511971
1315.0,570,4969.150802
2706.0,968,4978.666518
2612.0,871,4987.511444
1736.0,716,4994.724567
1392.0,646,5001.077448
1757.0,720,5008.096282
2178.0,829,5016.208128
2773.0,1074,5026.901513
945.0,480,5031.670685
1373.0,537,5036.945866
1507.0,583,5042.666584
1711.0,729,5049.796027
1862.0,683,5056.49983
1773.0,857,5064.887511
1820.0,694,5071.640583
1116.0,582,5077.353431
1312.0,574,5082.98427
1654.0,695,5089.794709
947.0,442,5094.10862
2023.0,685,5100.869194
1591.0,735,5108.111945
2358.0,954,5117.565296
947.0,1877,5135.957016
1108.0,625,5142.075484
1750.0,678,5148.660865
1631.0,778,5156.319575
1347.0,746,5163.673541
461.0,431,5167.869244
1112.0,607,5173.836299
1509.0,645,5180.213218
1567.0,838,5188.496507
1769.0,671,5195.103076
911.0,1963,5214.440183
895.0,491,5219.278716
1329.0,580,5224.974291
1479.0,642,5231.31463
3092.0,1106,5242.209332
1999.0,845,5250.529688
1342.0,598,5256.451266
1608.0,642,5262.834356
984.0,556,5268.348483
2466.0,969,5278.154639
1738.0,653,5284.597537
2489.0,935,5293.947059
946.0,484,5298.984945
916.0,468,5303.692479
1299.0,634,5309.893052
2160.0,767,5317.355105
1762.0,1112,5328.352472
496.0,421,5332.456147
1515.0,713,5339.530806
1529.0,740,5346.742231
3124.0,1076,5357.39976
538.0,394,5361.272654
1732.0,679,5367.90809
936.0,481,5372.632641
1538.0,630,5378.761052
1481.0,731,5385.806046
2020.0,727,5392.812006
1685.0,645,5399.155625
1451.0,652,5405.545065
1843.0,708,5412.38391
1651.0,1527,5427.354632
1352.0,547,5432.711971
954.0,1797,5450.318715
1393.0,531,5455.453176
1733.0,694,5462.195367
1268.0,1068,5472.578167
1505.0,525,5477.670337
1368.0,606,5483.609257
1931.0,1035,5493.68618
959.0,1315,5506.573966
2585.0,905,5515.506941
1812.0,863,5523.914718
2406.0,844,5532.214597
1756.0,671,5538.785885
1514.0,639,5544.9606
2401.0,783,5552.528135
1537.0,547,5557.824971
1344.0,503,5562.761115
2486.0,998,5572.432558
553.0,382,5576.088709
2291.0,1165,5587.548553
1623.0,588,5593.252192
2656.0,891,5601.96184
1390.0,554,5607.598925
918.0,472,5612.379452
1455.0,561,5617.788586
1360.0,576,5623.30731
2109.0,899,5632.038154
1356.0,608,5637.914705
3155.0,1030,5647.911865
1926.0,822,5655.917134
940.0,443,5660.226022
2312.0,789,5667.821562
1800.0,728,5674.94211
2226.0,896,5683.644621
1359.0,600,5689.404801
1819.0,755,5696.757033
1910.0,730,5703.783606
1622.0,721,5710.716212
2243.0,865,5719.166446
1320.0,692,5725.92477
1373.0,722,5732.95443
1239.0,1721,5749.718762
1348.0,668,5756.299986
2210.0,1072,5766.78759
1623.0,1176,5778.276396
2720.0,1255,5790.516275
1449.0,707,5797.389878
1068.0,604,5803.258107
1545.0,704,5810.137589
1679.0,1018,5820.087327
1754.0,721,5827.095191
2389.0,1022,5837.105962
1365.0,746,5844.369023
1740.0,751,5851.693547
2216.0,846,5859.972591
944.0,546,5865.295663
958.0,557,5870.723652
2517.0,3283,5903.038151
1366.0,953,5912.413593
2781.0,3495,5947.107676
1769.0,643,5953.397717
1504.0,686,5960.155275
2060.0,720,5967.144721
1158.0,790,5974.815949
1385.0,578,5980.474723
1126.0,548,5985.797309
1377.0,607,5991.773049
958.0,463,5996.355571
3134.0,1139,6007.530521
931.0,501,6012.457522
1722.0,716,6019.445728
1589.0,660,6025.810974
2290.0,668,6032.318444
2414.0,1363,6045.570957
2629.0,1035,6055.689721
2135.0,665,6062.237485
1551.0,555,6067.698158
1513.0,638,6073.988812
2330.0,892,6082.800283
1484.0,700,6089.574389
2668.0,908,6098.444688
1790.0,796,6106.200536
2420.0,846,6114.415762
1367.0,927,6123.495026
2226.0,1030,6133.480426
940.0,446,6137.864123
1046.0,498,6142.82737
1719.0,621,6148.912697
1567.0,782,6156.549849
1515.0,669,6163.086995
1360.0,701,6169.923709
2367.0,913,6178.823315
2027.0,753,6186.254609
1557.0,961,6195.844196
956.0,455,6200.307902
2358.0,1353,6213.543422
2193.0,1153,6224.914936
2641.0,1187,6237.016651
1524.0,605,6243.008689
2593.0,902,6251.875392
2456.0,943,6261.13823
2927.0,1179,6272.607703
1313.0,549,6277.936701
2069.0,923,6286.910152
1290.0,587,6292.684555
3881.0,3029,6322.486773
2590.0,994,6332.181839
869.0,579,6337.823389
2442.0,879,6346.421966
2408.0,931,6355.584356
1476.0,728,6362.680087
1905.0,758,6370.125143
1384.0,666,6376.689479
2343.0,850,6385.031931
2006.0,780,6392.722644
1347.0,567,6398.322171
1365.0,622,6404.475867
933.0,431,6408.670291
1771.0,684,6415.410155
450.0,467,6419.994399
3034.0,1347,6433.239015
2305.0,943,6442.531335
1308.0,572,6448.11842
1420.0,632,6454.295449
2000.0,904,6463.20972
1746.0,782,6470.8248
1698.0,636,6477.068173
2118.0,788,6484.839285
1362.0,622,6490.935998
910.0,490,6495.834289
1899.0,796,6503.716359
2598.0,924,6512.764072
2258.0,1070,6523.2103
2537.0,1112,6534.068709
2178.0,836,6542.708466
970.0,1744,6559.849611
2082.0,894,6568.613291
1963.0,867,6577.142843
2644.0,1142,6588.235535
1643.0,748,6595.641845
1739.0,838,6603.776887
1713.0,679,6610.396405
2009.0,830,6618.529232
2182.0,867,6627.006027
1903.0,720,6634.088226
2134.0,861,6642.643136
2681.0,930,6651.8071
1889.0,804,6659.663193
1379.0,685,6666.350202
1346.0,735,6673.486452
1943.0,795,6681.284531
3798.0,1607,6697.127486
2206.0,854,6705.51401
1472.0,781,6713.201562
1705.0,649,6719.655586
1951.0,812,6727.679612
931.0,2124,6748.508139
1379.0,613,6754.478235
942.0,479,6759.119874
2269.0,945,6768.330528
1679.0,714,6775.278417
1019.0,587,6781.015303
2720.0,953,6790.344604
1985.0,909,6799.241655
537.0,410,6803.413485
1384.0,664,6809.8981
1379.0,651,6816.234623
1757.0,696,6822.986398
1370.0,803,6830.767534
2476.0,1425,6844.642429
961.0,550,6850.249317
2307.0,1123,6861.405334
1156.0,615,6867.448558
2616.0,1005,6877.306949
3342.0,2374,6900.385698
2348.0,846,6908.553716
2179.0,736,6915.687573
2245.0,1128,6926.583559
2629.0,1023,6936.367002
1416.0,669,6942.802605
2094.0,933,6951.846194
1433.0,732,6959.054738
1505.0,771,6966.616089
2153.0,957,6975.907932
1427.0,707,6982.716167
953.0,470,6987.234718
1309.0,568,6992.707551
1719.0,615,6998.66857
1976.0,951,7007.949404
1435.0,675,7014.539925
1398.0,641,7020.834453
1691.0,628,7026.923573
1509.0,648,7033.16888
522.0,389,7036.960438
1671.0,754,7044.344677
1392.0,563,7049.83291
2413.0,852,7058.036379
1365.0,649,7064.34661
1500.0,768,7071.755151
2893.0,986,7081.37395
1306.0,635,7087.592619
1763.0,772,7095.070683
935.0,501,7099.937321
1859.0,660,7106.448921
1358.0,631,7112.630633
1372.0,568,7118.182234
3029.0,1123,7129.189753
2271.0,871,7137.685439
2204.0,936,7146.792158
2311.0,816,7154.727014
1710.0,706,7161.936971
1380.0,665,7168.590195
2066.0,765,7176.082338
1885.0,837,7184.188951
3123.0,2957,7213.394179
965.0,958,7222.782193
2213.0,794,7230.528275
1954.0,625,7236.639655
1305.0,582,7242.287107
1758.0,720,7249.288434
2306.0,844,7257.524328
2055.0,850,7265.833245
1044.0,605,7271.714602
1797.0,790,7279.451776
2421.0,783,7287.097443
1431.0,592,7292.850042
2284.0,993,7302.424178
1729.0,808,7310.32207
2443.0,886,7318.935704
1429.0,680,7325.555587
1365.0,673,7332.088709
1797.0,715,7338.996392
1535.0,638,7345.203166
2702.0,973,7354.725149
934.0,463,7359.2437
1962.0,740,7366.459267
1835.0,805,7374.305212
1354.0,711,7381.198342
2338.0,869,7389.682143
2172.0,833,7397.786233
1768.0,696,7404.580935
1528.0,686,7411.331396
1310.0,640,7417.599757
2345.0,1030,7427.660384
2201.0,1100,7438.30143
1380.0,685,7445.027498
1757.0,670,7451.566898
1673.0,2756,7478.750554
2493.0,885,7487.267208
1685.0,1331,7500.069346
3024.0,925,7509.080555
2922.0,1116,7520.00215
1433.0,612,7525.982817
1492.0,600,7531.820002
1348.0,531,7536.922421
2146.0,730,7543.957887
1525.0,700,7550.720596
1382.0,644,7556.983621
1297.0,613,7562.896059
2001.0,811,7570.706416
2145.0,747,7577.988088
2392.0,997,7587.661872
1937.0,909,7596.470394
959.0,472,7601.086533
1776.0,790,7608.90053
1477.0,630,7614.947739
539.0,388,7618.67984
2316.0,919,7627.655051
2005.0,796,7635.332714
1366.0,640,7641.600767
1976.0,753,7648.876518
2717.0,939,7657.98196
1368.0,714,7664.912021
2213.0,769,7672.376259
926.0,471,7676.939197
2298.0,775,7684.600197
1376.0,669,7691.16285
2158.0,769,7698.662321
1285.0,601,7704.518698
3687.0,1120,7715.415555
1823.0,632,7721.700703
1881.0,759,7729.051335
1408.0,678,7735.631021
1372.0,745,7742.927081
2710.0,1025,7752.887048
1748.0,760,7760.282951
2806.0,1064,7770.757138
1307.0,548,7776.083454
950.0,455,7780.796578
1779.0,713,7788.044402
1348.0,656,7794.391354
2316.0,917,7803.282873
1997.0,890,7811.902907
2705.0,991,7821.551734
1735.0,678,7828.110843
1792.0,617,7834.071454
1892.0,738,7841.287766
1507.0,668,7847.841226
1992.0,939,7857.048646
1423.0,528,7862.169002
1452.0,547,7867.471768
3219.0,3649,7902.944806
1104.0,644,7909.179816
1369.0,657,7915.551714
1013.0,627,7921.691604
2333.0,943,7930.91453
2319.0,1107,7941.724903
1578.0,634,7947.8492
1767.0,649,7954.186431
2450.0,1001,7963.946917
919.0,459,7968.403477
1774.0,704,7975.208478
1476.0,576,7980.819072
2221.0,1114,7991.733428
1161.0,578,7997.359086
2617.0,930,8006.411773
1455.0,682,8013.05856
2488.0,1233,8025.175707
1857.0,685,8031.732642
1957.0,791,8039.353975
1753.0,669,8045.822356
1591.0,675,8052.401369
2221.0,1022,8062.305734
1373.0,586,8068.01923
1786.0,729,8075.18308
1448.0,688,8081.901627
931.0,492,8086.751565
1525.0,658,8093.512018
1582.0,711,8100.659752
1607.0,644,8106.912555
2341.0,869,8115.327706
1778.0,712,8122.219138
2007.0,643,8128.441041
2028.0,866,8136.838043
1434.0,782,8144.478066
1917.0,830,8152.565896
2717.0,898,8161.268204
1502.0,725,8168.382123
1916.0,787,8176.046863
2230.0,909,8184.932201
1912.0,840,8193.034734
517.0,403,8196.954765
2241.0,853,8205.310426
2018.0,855,8213.656457
1300.0,583,8219.355325
2486.0,930,8228.418059
1774.0,777,8236.087903
1908.0,693,8243.055057
1526.0,601,8249.057906
1353.0,776,8256.650065
2431.0,881,8265.188543
522.0,400,8269.074613
1718.0,744,8276.29898
2513.0,825,8284.360385
1691.0,667,8290.832704
1531.0,657,8297.191777
1656.0,653,8303.57053
950.0,471,8308.169526
1563.0,884,8316.720255
1378.0,566,8322.204359
2479.0,965,8331.872309
1311.0,508,8336.789281
2345.0,892,8345.394117
926.0,467,8349.877145
1884.0,1116,8360.75238
2179.0,2703,8387.095236
2470.0,949,8396.338839
1754.0,667,8403.077791
2616.0,1008,8413.136071
1563.0,859,8421.539429
1426.0,574,8427.119671
2399.0,1071,8437.524373
1884.0,784,8445.104021
1753.0,694,8451.873735
1713.0,651,8458.150275
551.0,382,8461.885083
2321.0,1231,8473.777143
2184.0,816,8481.643449
1956.0,1034,8491.723142
2426.0,917,8500.599879
2358.0,1003,8510.326475
901.0,506,8515.204114
2566.0,1184,8526.68598
2480.0,946,8535.87937
1794.0,728,8542.945437
2017.0,889,8551.501126
1474.0,621,8557.527267
1307.0,615,8563.430107
1733.0,711,8570.379375
1062.0,612,8576.347041
2420.0,902,8585.139589
2520.0,1003,8594.858103
1799.0,686,8601.497179
2570.0,865,8609.90994
1525.0,667,8616.417183
2625.0,977,8625.84047
2801.0,1065,8636.335189
1508.0,840,8644.511184
1365.0,652,8650.895318
2462.0,938,8659.998183
2209.0,1995,8679.258711
1744.0,725,8686.244923
1460.0,757,8693.599927
1346.0,690,8700.306179
1006.0,541,8705.605719
2759.0,1904,8724.726353
1370.0,670,8731.278238
3457.0,1114,8742.233966
1889.0,826,8750.214723
901.0,506,8755.092366
2669.0,955,8764.383773
945.0,463,8768.906539
2045.0,806,8776.799926
2708.0,1083,8787.415442
1303.0,594,8793.168614
1281.0,615,8799.150727
2414.0,1014,8809.130127
1925.0,768,8816.607387
866.0,533,8821.810292
950.0,587,8827.532123
1485.0,679,8834.14732
1368.0,663,8840.658176
1366.0,822,8848.665545
2629.0,1099,8859.406932
2002.0,935,8868.578249
2474.0,930,8877.666255
1478.0,734,8884.885992
2866.0,3552,8919.565131
1594.0,733,8926.672573
1346.0,589,8932.402807
1364.0,662,8938.977931
908.0,475,8943.666838
1386.0,647,8949.944264
1756.0,714,8956.900379
2279.0,790,8964.564698
2262.0,884,8973.235119
2137.0,744,8980.436582
1344.0,550,8985.783759
1615.0,692,8992.573215
1360.0,641,8998.819478
933.0,492,9003.626108
2351.0,969,9012.994558
2307.0,932,9022.213034
1472.0,769,9030.032437
2592.0,883,9038.652069
1369.0,637,9044.842479
2287.0,962,9054.301121
1901.0,906,9063.177064
892.0,532,9068.320614
1860.0,813,9076.156105
1357.0,714,9083.046971
953.0,456,9087.476295
1488.0,722,9094.40503
1376.0,614,9100.361899
2495.0,953,9109.60723
2486.0,894,9118.343101
2364.0,842,9126.472305
1897.0,817,9134.471758
1393.0,674,9140.96051
1270.0,579,9146.577035
1320.0,642,9152.802157
3113.0,1042,9162.857247
1448.0,638,9168.965684
2126.0,837,9176.992428
930.0,493,9181.828531
2274.0,787,9189.472909
1350.0,638,9195.660244
1361.0,653,9202.031488
1993.0,767,9209.453664
1358.0,636,9215.72695
1779.0,790,9223.370326
1387.0,625,9229.424839
2247.0,1707,9246.18538
1760.0,736,9253.271063
1090.0,1057,9263.535291
928.0,430,9267.680796
1433.0,709,9274.458707
929.0,502,9279.283225
1796.0,695,9285.939802
2318.0,914,9294.867867
2185.0,893,9303.438857
2346.0,946,9312.566128
1357.0,726,9319.609922
1361.0,739,9326.735084
1379.0,588,9332.577886
2627.0,982,9342.491302
1891.0,804,9350.263294
2363.0,1586,9365.731352
2931.0,2852,9393.41275
2652.0,1027,9403.291121
1673.0,653,9409.582025
932.0,502,9414.430779
2389.0,798,9422.086271
922.0,485,9426.766753
957.0,1114,9437.496249
1508.0,533,9442.707715
2294.0,851,9450.979026
2180.0,785,9458.642477
1761.0,752,9465.862102
2093.0,1315,9478.524011
1761.0,722,9485.499972
2400.0,952,9494.622613
1883.0,795,9502.300376
1502.0,747,9509.496585
2597.0,900,9518.135063
1463.0,2255,9540.008467
1919.0,773,9547.520585
2725.0,977,9557.060778
2923.0,1004,9566.790833
1366.0,668,9573.223768
2029.0,1086,9583.682662
954.0,470,9588.243732
2337.0,893,9596.873955
1942.0,754,9604.17778
1029.0,1527,9619.089372
968.0,453,9623.448542
3328.0,1499,9637.904695
1367.0,688,9644.768096
1076.0,671,9651.519718
1980.0,932,9660.437266
1637.0,827,9668.39116
2207.0,919,9677.280042
1494.0,603,9683.17972
1363.0,651,9689.523289
2030.0,1735,9706.442763
1347.0,545,9711.713753
2392.0,995,9721.342915
1567.0,698,9728.103122
1917.0,699,9734.831556
506.0,408,9738.793178
1757.0,704,9745.607138
2597.0,851,9753.829172
1079.0,566,9759.23496
3351.0,2914,9787.486012
1372.0,552,9792.838721
1745.0,698,9799.595612
1170.0,660,9805.982451
2656.0,766,9813.378752
1987.0,756,9820.706093
2543.0,1113,9831.380052
2432.0,893,9839.990593
3052.0,1033,9850.035085
2082.0,738,9857.374248
1362.0,598,9863.230314
1871.0,758,9870.534879
2483.0,1044,9880.643559
3244.0,2680,9906.558184
1520.0,553,9911.903123
1747.0,825,9919.829752
1359.0,628,9925.895372
2381.0,836,9933.952609
1609.0,640,9940.262871
1397.0,615,9946.17309
2710.0,1185,9957.938555
1802.0,725,9965.072498
2426.0,900,9973.786178
1633.0,658,9980.167755
1349.0,528,9985.288998
1907.0,741,9992.375052
1310.0,609,9998.285245
2008.0,829,10006.315641
2291.0,908,10015.140843
2956.0,950,10024.40855
1626.0,651,10030.679013
2610.0,895,10039.271178
1745.0,707,10046.105438
1553.0,734,10053.222192
2118.0,710,10060.09555
1575.0,580,10065.726255
3048.0,946,10074.899551
1910.0,647,10081.12077
1757.0,632,10087.261483
1499.0,623,10093.272742
2342.0,916,10102.237373
975.0,533,10107.409249
1492.0,556,10112.790136
2113.0,721,10119.735986
1466.0,609,10125.674501
2205.0,857,10134.010015
1730.0,616,10139.909652
2497.0,815,10147.8254
1728.0,689,10154.492197
2062.0,748,10161.957144
2170.0,765,10169.39336
2530.0,878,10178.014486
913.0,493,10182.853108
2549.0,951,10192.020512
2170.0,778,10199.550312
1783.0,649,10205.820897
2462.0,941,10214.917631
1325.0,529,10220.079965
3117.0,1043,10230.243036
2671.0,1018,10240.12717
1332.0,648,10246.407387
2368.0,792,10254.11615
2016.0,807,10262.059152
1754.0,644,10268.652156
1358.0,701,10275.647947
1830.0,729,10282.72257
1888.0,688,10289.406592
1769.0,692,10296.140461
2244.0,762,10303.600992
2149.0,1940,10322.496389
1759.0,609,10328.436022
1596.0,757,10335.858169
2223.0,841,10344.189899
1749.0,672,10350.737456
1357.0,576,10356.311755
1599.0,776,10363.884187
1438.0,627,10369.980612
1122.0,1646,10386.069455
957.0,452,10390.428761
2780.0,842,10398.591819
2028.0,785,10406.211856
1497.0,612,10412.227349
1018.0,1375,10425.699857
1428.0,659,10432.05937
2586.0,727,10439.125382
1346.0,713,10445.999101
1145.0,575,10451.56357
2048.0,779,10459.12093
1925.0,750,10466.495985
5880.0,3829,10503.783909
922.0,506,10508.680801
1337.0,568,10514.129001
1755.0,703,10520.949362
1765.0,619,10526.954728
2850.0,945,10536.092191
2517.0,901,10544.826487
2574.0,859,10553.151294
1766.0,734,10560.19138
1325.0,516,10565.197383
1961.0,868,10573.663282
1434.0,648,10580.251868
1087.0,475,10585.067655
1507.0,571,10590.633144
3494.0,2250,10612.520428
2305.0,897,10621.245936
1988.0,746,10628.490932
2214.0,953,10637.69784
1983.0,729,10644.753978
3034.0,956,10654.086196
1747.0,793,10661.890563
1473.0,690,10668.613569
1470.0,572,10674.169109
1365.0,688,10680.856304
1387.0,714,10687.839611
2319.0,870,10696.282944
1887.0,735,10703.444813
2556.0,2749,10730.132609
1449.0,614,10736.137021
1504.0,638,10742.359185
1467.0,585,10748.023165
2408.0,890,10756.639455
3120.0,1265,10768.998186
1078.0,580,10774.696891
2351.0,1075,10785.130078
1728.0,769,10792.590219
558.0,392,10796.403114
1099.0,568,10801.987521
2863.0,866,10810.428537
931.0,448,10814.772973
3757.0,2050,10834.815166
3057.0,967,10844.162123
2563.0,865,10852.58837
2108.0,860,10860.96834
1854.0,621,10867.02886
2115.0,799,10874.784659
2601.0,847,10883.051445
1309.0,574,10888.958808
2052.0,734,10896.422062
1507.0,657,10902.904103
2093.0,1418,10916.74116
1915.0,614,10922.742046
1715.0,644,10929.020125
1344.0,539,10934.266611
1585.0,654,10940.627362
1753.0,626,10946.682084
1332.0,560,10952.142095
2308.0,825,10960.157073
1715.0,551,10965.444531
2290.0,755,10972.768412
1366.0,569,10978.364531
1909.0,659,10984.944925
2091.0,1094,10995.613837
2050.0,759,11002.971981
2406.0,937,11012.126615
1389.0,687,11018.781314
1556.0,655,11025.140109
1355.0,545,11030.494389
2173.0,796,11038.145698
1357.0,614,11044.128588
1723.0,624,11050.183344
2157.0,916,11059.096724
2239.0,739,11066.335727
2109.0,748,11073.675375
1919.0,681,11080.404252
3435.0,2594,11105.58004
2767.0,781,11113.200898
2058.0,722,11120.250207
968.0,437,11124.521528
2875.0,913,11133.37615
1617.0,2857,11161.284527
2299.0,934,11170.387886
1601.0,664,11176.802028
2468.0,999,11186.529101
1787.0,623,11192.566013
2344.0,848,11201.180269
1885.0,648,11207.623595
2464.0,875,11216.117822
2292.0,863,11224.536754
1359.0,591,11230.302999
1487.0,581,11235.920312
2613.0,870,11244.303669
1442.0,576,11249.859809
1367.0,654,11256.193789
1679.0,621,11262.180116
1926.0,836,11270.225396
2323.0,761,11277.596246
1737.0,677,11284.127031
1514.0,623,11290.161786
1349.0,563,11295.609957
2597.0,775,11303.185093
1360.0,571,11308.736592
1888.0,613,11314.61316
1873.0,689,11321.247075
3863.0,2064,11341.231076
1974.0,768,11348.682154
1889.0,766,11356.119049
1766.0,593,11361.884199
1951.0,746,11369.128805
1387.0,643,11375.412011
1425.0,642,11381.756032
2131.0,714,11388.858425
547.0,386,11392.637021
2236.0,874,11401.147205
1419.0,697,11407.919169
3054.0,998,11417.640286
1363.0,510,11422.618812
1590.0,580,11428.329627
3307.0,1196,11439.956579
1105.0,559,11445.413332
1363.0,572,11450.9998
1337.0,522,11456.164294
1876.0,656,11462.615487
1357.0,591,11468.430963
1076.0,530,11473.592496
1089.0,544,11478.908137
1750.0,655,11485.354549
2439.0,784,11492.999597
2704.0,744,11500.215842
1345.0,557,11505.666226
3383.0,1283,11518.63578
952.0,457,11523.074719
2594.0,928,11532.081643
1437.0,587,11537.79189
1428.0,589,11543.581515
1609.0,708,11550.628613
2361.0,774,11558.131793
951.0,2049,11578.086236
1397.0,697,11584.892419
1868.0,669,11591.447486
1353.0,549,11596.818812
2386.0,773,11604.436409
1801.0,590,11610.205901
2401.0,2275,11632.590831
1933.0,716,11639.611552
1704.0,623,11645.712326
2033.0,779,11653.292372
1353.0,633,11659.459959
2722.0,829,11667.585979
1666.0,656,11673.970058
946.0,441,11678.240133
1689.0,579,11683.968495
2940.0,957,11693.395862
1526.0,668,11699.89186
1937.0,717,11706.954106
957.0,448,11711.340596
2186.0,737,11718.511937
1386.0,597,11724.341752
1384.0,675,11730.866218
2134.0,820,11738.870104
1379.0,609,11744.811384
1757.0,698,11751.586226
1332.0,516,11756.607583
1394.0,700,11763.459347
1708.0,629,11769.526525
1101.0,530,11774.648363
1930.0,770,11782.111191
2331.0,916,11791.127704
4652.0,1862,11809.267078
1498.0,619,11815.242346
2059.0,785,11823.266364
2411.0,868,11831.918001
1507.0,667,11838.367529
2206.0,824,11846.366371
1823.0,860,11854.701783
564.0,386,11858.435405
1491.0,793,11866.320723
1337.0,575,11871.972488
2231.0,879,11880.596213
1363.0,623,11886.718412
1390.0,677,11893.311314
2362.0,809,11901.226022
1812.0,816,11909.167319
1361.0,598,11915.012044
2203.0,940,11924.192532
3007.0,919,11933.056359
2024.0,859,11941.368941
2439.0,932,11950.474447
2698.0,1058,11960.776782
2710.0,879,11969.210493
2172.0,838,11977.389868
2290.0,2980,12006.524122
1073.0,1529,12021.384457
1439.0,552,12026.772645
2210.0,905,12035.692924
1857.0,644,12041.924764
1370.0,712,12048.830406
1913.0,692,12055.587646
1628.0,752,12062.973946
2148.0,745,12070.193658
1751.0,549,12075.536196
1435.0,581,12081.224656
1326.0,534,12086.381972
1013.0,598,12092.191584
2042.0,796,12099.947052
2593.0,920,12108.891403
1481.0,575,12114.562405
2733.0,977,12123.988488
2171.0,902,12133.076145
2496.0,900,12142.111496
1764.0,646,12148.386658
2185.0,853,12156.648332
3120.0,1203,12168.374177
1920.0,735,12175.598169
2195.0,897,12184.352868
1358.0,667,12190.940326
983.0,438,12195.220403
2566.0,934,12204.236763
1757.0,676,12210.767975
1509.0,617,12216.818073
1468.0,550,12222.178356
1282.0,571,12227.734138
1362.0,487,12232.457609
1348.0,617,12238.542925
2195.0,720,12245.584935
1506.0,653,12251.911194
1482.0,583,12257.655932
1566.0,669,12264.190146
1611.0,641,12270.468443
2445.0,870,12279.038979
2273.0,859,12287.398618
1434.0,589,12293.151476
1879.0,706,12300.264383
1912.0,677,12306.867108
1910.0,862,12315.287134
3398.0,1027,12325.373777
1469.0,638,12331.680931
2566.0,870,12340.170896
3369.0,1187,12351.725505
1612.0,714,12358.75464
930.0,459,12363.186863
3871.0,1144,12374.302507
1747.0,653,12380.686964
1443.0,677,12387.260848
2532.0,805,12395.085208
1636.0,627,12401.181739
1343.0,497,12406.014708
2511.0,852,12414.329955
1388.0,617,12420.312075
1703.0,732,12427.452162
1291.0,585,12433.179219
2291.0,892,12442.126956
1716.0,607,12448.332381
2479.0,709,12455.275007
1877.0,646,12461.583967
1442.0,622,12467.622389
1756.0,677,12474.180613
1352.0,560,12479.621711
1185.0,1470,12494.005315
1732.0,619,12500.103105
1745.0,681,12506.765173
1694.0,627,12512.890024
920.0,476,12517.539837
952.0,445,12521.858476
2556.0,939,12530.992342
2197.0,841,12539.215086
2491.0,981,12548.826623
1886.0,650,12555.144327
1521.0,633,12561.303792
1372.0,738,12568.470451
2432.0,870,12576.966686
2280.0,894,12585.643391
2344.0,830,12593.786837
1367.0,595,12599.575916
2609.0,1071,12610.12204
1752.0,747,12617.45819
1502.0,601,12623.340403
1913.0,833,12631.490432
3518.0,2084,12651.742103
1994.0,702,12658.557133
3112.0,945,12667.690859
3040.0,2411,12691.153153
1374.0,577,12696.781624
2060.0,626,12702.83686
2116.0,763,12710.220935
2170.0,699,12716.971827
1357.0,655,12723.296793
1857.0,676,12729.806504
1037.0,499,12734.631214
1493.0,812,12742.541048
1418.0,686,12749.338157
977.0,529,12754.824939
2716.0,864,12763.477418
2190.0,798,12771.165094
2690.0,1021,12781.124563
2273.0,924,12790.041444
922.0,460,12794.4525
1735.0,693,12801.207697
1948.0,866,12809.584023
2798.0,970,12818.980276
564.0,380,12822.706719
1032.0,813,12830.622719
2306.0,888,12839.317777
2890.0,1765,12856.411311
1956.0,760,12863.785303
1345.0,519,12868.794219
1479.0,608,12874.665722
2222.0,886,12883.219513
2348.0,858,12891.502046
1771.0,827,12899.600093
3540.0,2641,12925.54463
2163.0,878,12934.113611
1774.0,686,12940.808664
2584.0,1072,12951.131149
1746.0,796,12958.894481
1341.0,537,12964.076251
1518.0,642,12970.251531
1367.0,648,12976.513316
2961.0,2569,13001.475351
1524.0,606,13007.343313
938.0,465,13011.852964
1914.0,741,13019.075015
1971.0,831,13027.1649
2008.0,725,13034.167449
1369.0,633,13040.319452
1738.0,726,13047.348643
1389.0,546,13052.656977
1769.0,700,13059.439047
2703.0,957,13069.195869
1535.0,612,13075.220097
2301.0,856,13083.559982
943.0,1127,13094.559745
2518.0,1036,13104.603175
1092.0,559,13109.98425
2534.0,1100,13120.628608
1085.0,594,13126.430658
1448.0,591,13132.146241
1592.0,713,13139.09193
2301.0,846,13147.306145
554.0,386,13151.056984
2553.0,927,13160.122277
1921.0,703,13166.933722
1913.0,969,13176.336933
1783.0,656,13182.671921
1768.0,758,13190.041324
2618.0,873,13198.441036
1573.0,669,13204.929086
2573.0,912,13213.953837
1447.0,648,13220.330405
2139.0,804,13228.108895
2017.0,803,13235.993458
2893.0,1041,13246.094734
2019.0,873,13254.572978
2227.0,1583,13269.974147
2902.0,1066,13280.330513
2692.0,1111,13291.032345
2171.0,851,13299.305018
2163.0,810,13307.113048
1377.0,687,13313.877778
1720.0,587,13319.598118
1448.0,657,13325.961557
3282.0,1713,13342.570208
1365.0,610,13348.487599
1939.0,738,13355.603112
1720.0,644,13361.801409
1894.0,738,13368.987142
1224.0,1023,13379.425677
1854.0,687,13386.205812
1784.0,826,13394.279394
2212.0,824,13402.359746
968.0,946,13411.54825
1351.0,610,13417.493596
1917.0,666,13423.937763
2347.0,888,13432.438266
1362.0,629,13438.50397
2466.0,769,13445.918464
1525.0,613,13451.884864
1779.0,720,13458.849776
1777.0,741,13465.999427
1423.0,612,13471.873179
2322.0,770,13479.432512
2365.0,778,13486.946929
1516.0,716,13493.873374
919.0,534,13499.057516
1750.0,694,13505.769673
1927.0,733,13512.870375
943.0,417,13516.958587
1704.0,676,13523.565455
1733.0,655,13529.895899
1921.0,920,13538.755997
2277.0,716,13545.674152
1361.0,597,13551.426947
2183.0,825,13559.488316
2716.0,1013,13569.37071
1139.0,678,13575.887827
5703.0,2197,13597.268611
2183.0,852,13605.506222
2305.0,800,13613.266677
1861.0,623,13619.307157
2677.0,946,13628.499519
965.0,467,13633.073014
2421.0,873,13641.642787
1613.0,693,13648.351893
2484.0,931,13657.410303
1669.0,670,13663.919147
2265.0,791,13671.601267
1431.0,632,13677.741378
2019.0,775,13685.597555
2222.0,830,13693.993134
1356.0,661,13700.469043
2724.0,1125,13711.387098
1077.0,518,13716.452847
1358.0,564,13721.963454
3731.0,1028,13731.916476
1736.0,679,13738.486665
2589.0,985,13747.969095
1755.0,751,13755.226735
1365.0,543,13760.500074
1376.0,611,13766.414441
1477.0,624,13772.432542
3281.0,2040,13792.188319
1924.0,748,13799.490729
911.0,485,13804.211851
1773.0,792,13811.831788
533.0,399,13815.683682
1363.0,759,13823.137129
1473.0,638,13829.338126
1352.0,565,13834.788069
939.0,469,13839.316587
2422.0,819,13847.288158
2451.0,876,13855.805988
1666.0,633,13861.933073
1355.0,611,13867.847191
2154.0,779,13875.355549
1358.0,642,13881.68608
2231.0,921,13890.6381
1916.0,663,13897.018945
1448.0,585,13902.742796
2561.0,3671,13938.320405
1471.0,880,13946.875904
1878.0,660,13953.219104
2008.0,750,13960.547565
2477.0,1574,13975.706213
1508.0,700,13982.504721
1531.0,669,13988.987565
879.0,503,13993.998273
1547.0,691,14001.133137
1907.0,739,14008.393656
2194.0,755,14015.760397
2273.0,834,14023.832159
2440.0,858,14032.201005
946.0,569,14037.796263
1372.0,627,14044.058362
1875.0,759,14051.420159
1483.0,662,14057.92388
2856.0,924,14066.93201
1962.0,1011,14076.765111
3907.0,1972,14096.02989
1637.0,689,14102.77847
2028.0,654,14109.125803
2488.0,832,14117.273351
1428.0,635,14123.519191
2454.0,1035,14133.843622
1716.0,1627,14149.757917
1940.0,702,14156.551102
1299.0,559,14161.984627
1526.0,646,14168.210819
1457.0,596,14173.984774
2837.0,892,14182.670457
1040.0,1142,14193.7909
2489.0,889,14202.504011
3011.0,1029,14212.550555
930.0,472,14217.15663
2457.0,873,14225.683786
3229.0,1560,14240.867646
2447.0,810,14248.762659
2747.0,3766,14285.605319
2595.0,882,14294.195872
3019.0,991,14303.974812
1551.0,741,14311.602194
1479.0,673,14318.229437
1527.0,585,14323.942799
2248.0,762,14331.283802
1158.0,558,14336.679113
1647.0,719,14343.690034
1362.0,609,14349.591203
1361.0,638,14355.792576
3037.0,1089,14366.474877
2519.0,1008,14376.295921
1730.0,628,14382.417724
531.0,408,14386.342915
1370.0,722,14393.368245
2212.0,911,14402.298028
1653.0,684,14408.947799
4062.0,1196,14420.599674
1312.0,552,14425.984076
1781.0,656,14432.417583
2868.0,938,14441.733652
1449.0,619,14447.805663
2039.0,762,14455.21651
1866.0,670,14461.804271
1386.0,658,14468.25052
2022.0,813,14476.129297
1952.0,723,14483.121926
2982.0,3293,14515.099817
2515.0,1557,14530.262279
921.0,464,14534.787282
2478.0,873,14543.297085
928.0,481,14547.957895
1822.0,653,14554.315381
2467.0,814,14562.19418
1954.0,706,14569.032398
1944.0,645,14575.30714
1956.0,841,14583.514132
1752.0,657,14589.94178
2179.0,700,14596.769432
1616.0,559,14602.258494
1383.0,645,14608.627317
1377.0,613,14614.702577
2334.0,776,14622.737533
951.0,454,14627.164112
582.0,367,14630.688202
1369.0,660,14637.081347
2041.0,806,14644.875773
2209.0,807,14652.736511
1359.0,639,14658.954632
2374.0,865,14667.385414
1330.0,532,14672.557432
1893.0,842,14680.712031
1378.0,610,14686.583741
2539.0,889,14695.211548
1878.0,883,14703.705352
933.0,453,14708.081829
2012.0,809,14715.873763
2758.0,995,14725.508355
2722.0,783,14733.086807
952.0,454,14737.522124
1039.0,934,14746.646758
2153.0,869,14755.032961
1354.0,528,14760.112214
1486.0,563,14765.5487
2745.0,2851,14792.89529
1462.0,618,14798.815167
1463.0,605,14804.638146
2200.0,817,14812.425145
2460.0,901,14821.018314
1914.0,717,14827.924039
1788.0,685,14834.443181
2849.0,1008,14844.1851
1718.0,596,14849.921842
2798.0,841,14857.978588
1766.0,704,14864.757133
1696.0,676,14871.27609
1329.0,568,14876.732663
1863.0,743,14883.877199
1411.0,569,14889.341592
2573.0,810,14897.09824
1517.0,772,14904.519978
1447.0,589,14910.203865
1763.0,764,14917.529939
1777.0,804,14925.444458
1488.0,586,14931.403611
2379.0,878,14940.026389
2439.0,786,14947.57746
2588.0,905,14956.250811
1483.0,625,14962.25102
1348.0,610,14968.100553
2205.0,947,14977.246546
2104.0,714,14984.073462
1584.0,747,14991.266291
1131.0,1635,15007.125438
2045.0,804,15014.872128
3057.0,1182,15026.167058
2208.0,859,15034.380976
1655.0,646,15040.58179
2410.0,872,15049.170043
1543.0,723,15056.12986
1475.0,639,15062.318273
1363.0,767,15069.680097
1958.0,834,15077.718322
1868.0,647,15084.070003
2685.0,2094,15104.374277
2495.0,875,15112.859384
2044.0,727,15119.922332
1520.0,714,15126.893167
2692.0,955,15136.157794
2137.0,786,15143.770541
1481.0,591,15149.486907
1778.0,718,15156.504038
1881.0,746,15163.771836
2196.0,907,15172.638587
1469.0,642,15178.941228
1375.0,687,15185.635075
1357.0,648,15191.915682
2204.0,798,15199.636044
1802.0,794,15207.241094
2383.0,817,15215.184144
2812.0,1034,15225.303753
2282.0,752,15232.676339
929.0,489,15237.583412
1343.0,553,15243.341728
1355.0,659,15249.98352
1779.0,779,15257.633629
2625.0,2143,15278.609085
938.0,469,15283.150264
1320.0,648,15289.436599
1399.0,617,15295.450554
1974.0,772,15302.9914
1812.0,704,15309.850397
2152.0,783,15317.45593
1763.0,691,15324.262936
1308.0,1028,15334.311733
2498.0,923,15343.281193
948.0,472,15347.946707
3040.0,1814,15365.771932
2033.0,708,15372.712037
1315.0,516,15377.761569
2203.0,782,15385.357031
2432.0,952,15394.669281
1922.0,847,15402.906574
2241.0,898,15411.762121
1384.0,685,15418.439044
2169.0,1032,15428.464397
550.0,391,15432.260053
2609.0,1183,15443.646562
1354.0,653,15450.005419
537.0,404,15453.953289
1546.0,683,15460.651402
1515.0,649,15466.932768
920.0,482,15471.645288
2384.0,910,15480.507942
2522.0,774,15488.192544
561.0,392,15492.065356
1750.0,710,15498.981695
2309.0,875,15507.484782
1453.0,585,15513.163886
2166.0,1799,15530.738098
2229.0,838,15538.950547
1935.0,811,15547.029753
1880.0,772,15554.945084
1097.0,582,15560.684644
2660.0,2854,15588.608519
2871.0,835,15596.721258
2195.0,826,15604.749624
929.0,465,15609.270955
1357.0,662,15615.716315
2706.0,1131,15626.727123
1643.0,680,15633.317945
1648.0,707,15640.185861
913.0,471,15644.762044
2384.0,798,15652.649602
3107.0,1109,15663.597376
1478.0,627,15669.685384
526.0,396,15673.515663
2226.0,841,15681.650105
2123.0,761,15688.985512
2140.0,786,15696.650954
1613.0,632,15702.784062
1457.0,676,15709.346758
1838.0,654,15715.682886
2201.0,964,15725.086201
2203.0,706,15731.988298
3150.0,945,15741.242195
1782.0,628,15747.303288
565.0,370,15750.902716
1587.0,715,15757.930382
2178.0,676,15764.4878
1458.0,597,15770.319198
2188.0,747,15777.639435
1458.0,617,15783.753355
1726.0,617,15789.814739
1866.0,730,15796.91435
1515.0,636,15803.12811
3434.0,2475,15827.298153
2809.0,985,15836.935627
1398.0,588,15842.669261
571.0,378,15846.389354
1983.0,755,15853.781175
932.0,470,15858.501805
2532.0,809,15866.866957
1368.0,616,15872.904867
1747.0,726,15879.964077
1805.0,637,15886.219098
1938.0,757,15893.696177
1861.0,619,15899.75142
1989.0,832,15907.866181
1987.0,665,15914.31705
3721.0,1983,15933.552877
2058.0,805,15941.322812
1903.0,827,15949.308183
1461.0,654,15955.670312
2306.0,856,15964.182905
1479.0,658,15970.623879
1515.0,643,15976.919624
2448.0,825,15985.006934
1541.0,670,15991.502468
1601.0,649,15997.799647
1545.0,607,16003.668477
1759.0,616,16009.669097
1712.0,664,16016.111454
1090.0,569,16021.651714
1487.0,617,16027.671751
1942.0,827,16035.661972
2115.0,892,16044.367301
1384.0,662,16050.859298
2213.0,772,16058.451945
526.0,402,16062.357372
2194.0,896,16070.999587
1371.0,676,16077.499181
543.0,395,16081.397585
1888.0,621,16087.442724
1611.0,650,16093.794026
1325.0,550,16099.120031
2339.0,893,16107.729718
2307.0,819,16115.682387
1369.0,551,16120.977751
2241.0,806,16128.752744
1785.0,657,16135.207204
2061.0,853,16143.496062
2182.0,780,16151.072744
907.0,513,16156.02707
1588.0,656,16162.344254
1386.0,576,16167.942229
1730.0,617,16174.319561
2055.0,806,16182.334241
1517.0,593,16188.052554
1706.0,750,16195.356338
1584.0,659,16201.759645
1443.0,605,16207.696672
2593.0,916,16216.768733
1389.0,576,16222.427544
1366.0,519,16227.469963
2686.0,1013,16237.271701
1602.0,650,16243.592649
1942.0,682,16250.1914
2590.0,812,16258.08706
1386.0,596,16263.871856
1959.0,717,16270.890761
2508.0,895,16279.591422
1549.0,617,16285.533327
1524.0,638,16291.696706
1453.0,651,16298.073974
1370.0,593,16303.822
1509.0,695,16310.582159
2030.0,795,16318.295195
2167.0,666,16324.769506
962.0,434,16329.001846
1374.0,530,16334.100098
972.0,449,16338.522019
1454.0,627,16344.591228
1803.0,682,16351.174021
946.0,472,16355.706529
1614.0,683,16362.314406
1349.0,688,16368.964045
2434.0,955,16378.319677
1520.0,1479,16392.781909
3306.0,968,16402.849249
2605.0,822,16410.827368
2159.0,763,16418.24844
1694.0,650,16424.570518
1719.0,606,16430.467177
2516.0,761,16437.797357
2555.0,867,16446.197878
2978.0,804,16454.09236
937.0,477,16458.786592
2893.0,958,16468.114635
1903.0,681,16474.778227
2284.0,760,16482.383893
1371.0,500,16487.462892
1461.0,564,16492.970406
2052.0,701,16499.826362
2429.0,796,16507.548015
2200.0,731,16514.625995
1094.0,534,16519.824765
2143.0,629,16525.997058
1748.0,691,16532.701893
2875.0,912,16541.608384
2447.0,908,16550.391316
2498.0,809,16558.301805
1941.0,698,16565.099902
1580.0,596,16570.982246
2861.0,911,16579.951847
1658.0,647,16586.236679
1964.0,776,16593.778812
2646.0,893,16602.525861
1500.0,704,16609.438818
1562.0,614,16615.497033
1750.0,638,16621.792361
1784.0,672,16628.293732
1600.0,653,16634.626174
2602.0,849,16642.954052
1355.0,495,16647.742659
1345.0,518,16652.768191
3190.0,1025,16662.760432
1373.0,575,16668.306653
2326.0,881,16676.835004
2077.0,654,16683.290241
1863.0,694,16690.06319
1460.0,582,16695.789927
1606.0,603,16701.666295
1370.0,565,16707.120514
3003.0,922,16716.101856
1959.0,681,16722.679162
2645.0,940,16731.800671
540.0,396,16735.636903
1112.0,595,16741.443797
3128.0,1092,16752.00852
2589.0,828,16760.072375
2590.0,907,16768.810363
2165.0,809,16776.72569
2162.0,795,16784.423435
2106.0,786,16792.261007
1740.0,703,16799.399558
2698.0,885,16807.959682
2196.0,739,16815.119049
1381.0,602,16820.979123
1769.0,687,16827.632933
1087.0,518,16832.600388
2318.0,744,16839.797037
2164.0,690,16846.509411
2604.0,933,16855.54696
1474.0,579,16861.198277
1668.0,615,16867.201231
1363.0,635,16873.426343
2740.0,892,16882.245444
1518.0,639,16888.453389
1402.0,553,16893.847404
1802.0,742,16901.09156
1807.0,689,16907.788809
1364.0,588,16913.541018
2158.0,655,16919.985675
1738.0,682,16926.697572
1469.0,555,16932.11251
2320.0,774,16939.849052
2354.0,926,16948.895976
1365.0,525,16953.975242
1373.0,630,16960.126206
2171.0,659,16966.568248
1779.0,640,16972.830673
1617.0,718,16979.87791
2186.0,741,16987.158475
2493.0,835,16995.369491
2375.0,858,17003.740549
1763.0,692,17010.488252
1907.0,758,17017.974336
1355.0,547,17023.329501
2563.0,814,17031.232376
2219.0,729,17038.281218
1479.0,546,17043.629131
1797.0,750,17050.893914
3013.0,1012,17060.764155
1428.0,559,17066.199598
2201.0,757,17073.608406
1382.0,631,17079.76835
2172.0,788,17087.4642
1367.0,539,17092.65734
1724.0,649,17099.058802
1909.0,761,17106.879499
1479.0,588,17112.776952
1366.0,598,17118.580197
1432.0,589,17124.365239
1353.0,571,17129.878088
1379.0,586,17135.559599
1092.0,490,17140.318835
1596.0,678,17146.945914
3223.0,912,17155.801188
1535.0,579,17161.473002
1608.0,651,17167.894078
2577.0,855,17176.308857
1333.0,515,17181.574373
3575.0,1887,17200.007175
1088.0,549,17205.35617
1841.0,711,17212.258315
1468.0,549,17217.586086
2321.0,864,17225.983358
2278.0,732,17233.154069
949.0,453,17237.59818
1370.0,602,17243.488991
1352.0,552,17248.930992
2725.0,984,17258.557641
993.0,541,17263.88541
3326.0,1714,17280.566217
3084.0,888,17289.28032
1773.0,792,17297.060614
2156.0,632,17303.292555
1757.0,643,17309.557399
1454.0,570,17315.097344
2530.0,828,17323.190182
1975.0,862,17331.572309
1093.0,532,17336.782455
556.0,386,17340.565411
1589.0,672,17347.133513
1615.0,648,17353.461978
1791.0,613,17359.397718
1530.0,515,17364.425299
1966.0,749,17371.745086
1396.0,674,17378.338291
3227.0,865,17386.675798
1352.0,549,17391.990342
1368.0,690,17398.665325
959.0,988,17408.305201
1369.0,549,17413.861193
2268.0,2813,17441.624615
1495.0,665,17448.109087
1638.0,1784,17465.443427
2448.0,866,17473.920022
2277.0,776,17481.476764
1479.0,585,17487.307681
1774.0,568,17492.893836
1888.0,714,17499.878743
955.0,473,17504.587506
2150.0,773,17512.119037
2955.0,871,17520.605524
1394.0,607,17526.497069
1711.0,2406,17549.912336
2578.0,921,17558.860791
1382.0,617,17564.907175
1892.0,785,17572.527388
930.0,463,17577.098257
2614.0,868,17585.722536
1741.0,740,17592.944646
1895.0,704,17599.880164
2804.0,945,17609.07999
2584.0,1066,17619.562037
2434.0,775,17627.12744
1370.0,613,17633.096771
2862.0,1070,17643.484254
1764.0,665,17649.96296
2446.0,899,17658.869623
3037.0,1806,17676.667293
2858.0,976,17686.220628
1889.0,792,17693.928295
1761.0,723,17701.050338
544.0,405,17704.988795
2876.0,1033,17715.113667
1627.0,712,17722.181973
1421.0,664,17729.100365
1534.0,597,17735.060034
2160.0,699,17741.989155
2278.0,773,17749.626133
1769.0,634,17755.880264
2454.0,728,17763.066444
1704.0,622,17769.157047
1364.0,618,17775.257532
1377.0,567,17780.902871
950.0,462,17785.45224
1455.0,606,17791.455619
2308.0,787,17799.265542
2200.0,914,17808.261302
1967.0,740,17815.518962
2252.0,971,17825.189341
2169.0,774,17832.839486
2116.0,883,17841.405164
1500.0,639,17847.594474
1790.0,705,17854.493846
1792.0,631,17860.692352
2260.0,705,17867.507524
2043.0,698,17874.349081
1507.0,579,17880.005296
2259.0,776,17887.678922
1317.0,547,17893.051753
1651.0,702,17900.015394
1356.0,540,17905.402284
1575.0,681,17912.156713
960.0,914,17921.122991
1889.0,754,17928.477806
1421.0,583,17934.15942
2834.0,1203,17945.900923
1791.0,638,17952.105804
2800.0,1042,17962.271823
2285.0,810,17970.159995
1053.0,546,17975.557667
3254.0,2590,18000.978719
1589.0,2305,18023.538489
1661.0,677,18030.1952
1936.0,729,18037.541249
1955.0,735,18044.900736
968.0,848,18053.203707
947.0,479,18057.918952
2043.0,754,18065.347659
2697.0,887,18074.026901
2296.0,813,18081.943359
1892.0,662,18088.404515
911.0,492,18093.166446
936.0,475,18097.936512
1781.0,651,18104.411046
1367.0,642,18110.617276
1760.0,721,18117.535571
1782.0,528,18122.698028
2344.0,801,18130.560596
1451.0,579,18136.223171
1337.0,500,18141.173315
1469.0,610,18147.185839
1369.0,609,18153.073433
2709.0,859,18161.432137
1372.0,539,18166.757791
1768.0,751,18174.044267
1456.0,575,18179.657934
2807.0,967,18189.139007
2015.0,691,18195.901675
2133.0,709,18202.872767
1767.0,686,18209.571566
2174.0,656,18215.940078
1915.0,774,18223.517348
1389.0,651,18229.895849
2200.0,765,18237.32491
1875.0,619,18243.359959
1868.0,633,18249.529281
2253.0,725,18256.619207
2303.0,723,18263.692009
1364.0,662,18270.222083
962.0,460,18274.676102
2241.0,778,18282.151399
1396.0,598,18287.987375
1692.0,553,18293.372449
1741.0,615,18299.343625
2213.0,770,18306.916763
2774.0,818,18314.864374
559.0,389,18318.65409
2620.0,909,18327.480936
2173.0,730,18334.540874
2268.0,688,18341.181339
1624.0,654,18347.857072
2693.0,904,18356.975122
2211.0,805,18364.767882
1744.0,689,18371.440146
2029.0,690,18378.179589
2162.0,702,18385.052683
1464.0,632,18391.257169
2397.0,834,18399.320661
1054.0,616,18405.434607
1324.0,547,18410.727263
1923.0,780,18418.358334
1742.0,622,18424.463294
943.0,454,18428.868155
569.0,377,18432.545483
2730.0,920,18441.478024
2817.0,810,18449.372666
1566.0,616,18455.398646
3565.0,2482,18479.440197
1441.0,798,18487.160932
2119.0,798,18494.864532
1657.0,657,18501.232807
2407.0,703,18507.95856
1372.0,606,18513.844568
1659.0,689,18520.5309
2589.0,751,18527.730195
954.0,2001,18547.269469
1753.0,660,18553.673105
2339.0,880,18562.192612
1487.0,607,18567.996283
2129.0,755,18575.273359
550.0,391,18579.02191
1893.0,707,18585.81122
1581.0,611,18591.685739
1470.0,590,18597.401243
1371.0,533,18602.509804
2023.0,696,18609.303397
2483.0,911,18618.1432
2152.0,715,18625.125193
1321.0,534,18630.317514
566.0,378,18633.978187
2148.0,744,18641.274814
1364.0,561,18646.7617
1071.0,463,18651.271509
2184.0,759,18659.026351
1810.0,757,18666.6677
1959.0,702,18673.508641
576.0,386,18677.274627
1743.0,577,18682.943146
2300.0,823,18691.021434
1321.0,560,18696.530159
1692.0,648,18702.841957
1699.0,669,18709.561517
3010.0,920,18718.581141
1476.0,581,18724.271387
1898.0,662,18730.712359
1932.0,785,18738.365376
1880.0,669,18744.865108
1068.0,538,18750.052016
1376.0,660,18756.463715
2408.0,739,18763.647615
2675.0,902,18772.416206
1892.0,711,18779.264107
3053.0,918,18788.141923
2196.0,843,18796.309376
3033.0,947,18805.418627
2017.0,734,18812.472493
2863.0,1066,18822.848664
1740.0,634,18829.001745
2022.0,738,18836.156173
1554.0,594,18841.9254
3039.0,1123,18852.810354
3132.0,879,18861.348664
2573.0,769,18868.837125
1705.0,609,18874.783033
3367.0,966,18884.082514
1358.0,570,18889.633755
2594.0,875,18898.0991
1812.0,712,18904.95689
2597.0,814,18912.851276
1739.0,588,18918.502825
3088.0,943,18927.613993
568.0,382,18931.315027
2614.0,813,18939.264986
1387.0,673,18945.837778
1531.0,766,18953.312787
2714.0,924,18962.235317
1630.0,606,18968.328658
2652.0,879,18977.17781
1520.0,653,18983.529176
2603.0,802,18991.382338
4197.0,2297,19013.779628
1465.0,655,19020.22554
1154.0,555,19025.668135
2193.0,809,19033.556059
1330.0,610,19039.470287
1979.0,902,19048.290671
2232.0,829,19056.366037
2723.0,941,19065.488271
3095.0,936,19074.532588
2394.0,789,19082.230982
1177.0,891,19090.912673
1768.0,690,19097.636842
2569.0,875,19106.2391
2000.0,679,19112.963103
2188.0,722,19119.997287
1363.0,627,19126.095243
3025.0,968,19135.521371
1757.0,627,19141.6763
2673.0,840,19149.886898
2209.0,825,19157.903892
2545.0,910,19166.77941
1659.0,565,19172.254305
1507.0,567,19177.781271
1945.0,691,19184.517859
2597.0,948,19193.88541
2340.0,789,19201.508334
1846.0,682,19208.105173
2266.0,869,19216.432306
1370.0,569,19221.966502
1724.0,670,19228.440333
3364.0,1064,19238.807937
1775.0,660,19245.252415
1348.0,543,19250.51248
2062.0,772,19258.070405
926.0,487,19262.833894
3880.0,1501,19277.875997
548.0,392,19281.918073
2196.0,752,19289.443244
1330.0,517,19294.515549
2340.0,850,19302.776325
2591.0,850,19311.15262
557.0,390,19314.922972
1312.0,574,19320.709661
3052.0,990,19330.441625
1817.0,773,19338.045602
1689.0,729,19345.132286
2711.0,841,19353.457282
2058.0,709,19360.371921
1366.0,531,19365.542807
1547.0,628,19371.710562
3181.0,968,19381.253836
2167.0,826,19389.375999
3126.0,1065,19399.77991
2503.0,776,19407.307113
2341.0,806,19415.198556
1646.0,610,19421.166086
1881.0,679,19427.861328
2574.0,816,19435.941691
2698.0,917,19444.882257
2203.0,783,19452.530556
1536.0,641,19458.830679
1805.0,823,19466.926405
1998.0,693,19473.731285
1770.0,622,19479.834692
4869.0,3111,19510.253337
3127.0,839,19518.498929
1354.0,613,19524.514834
1379.0,553,19529.868525
1367.0,551,19535.248361
1346.0,526,19540.393176
1974.0,641,19546.739213
1859.0,607,19552.68136
3689.0,4107,19593.488727
2795.0,964,19603.073571
2029.0,716,19610.106079
1548.0,616,19616.175302
1345.0,554,19621.682082
2433.0,783,19629.512732
3963.0,1474,19644.046126
1756.0,755,19651.556978
1941.0,686,19658.371125
572.0,382,19662.137463
1318.0,495,19667.011585
1853.0,721,19674.170552
2512.0,735,19681.500769
1057.0,557,19687.028279
1353.0,611,19693.036375
1518.0,643,19699.411229
1764.0,655,19705.847339
1775.0,574,19711.540115
1076.0,536,19716.854428
1870.0,763,19724.374351
1655.0,625,19730.537404
2419.0,866,19739.022615
2042.0,779,19746.722607
1390.0,544,19752.132221
2044.0,735,19759.397725
1886.0,687,19766.121958
2029.0,711,19773.069301
983.0,525,19778.208482
2002.0,715,19785.26938
1719.0,644,19791.553339
1879.0,648,19797.920981
934.0,457,19802.382756
2724.0,1140,19813.594262
1376.0,599,19819.476039
2636.0,761,19826.918871
1701.0,650,19833.345041
1703.0,551,19838.793855
3745.0,1352,19852.046713
916.0,499,19856.906904
2342.0,925,19865.98032
1934.0,794,19873.724604
1752.0,689,19880.422577
2040.0,712,19887.408085
2506.0,985,19897.187956
1397.0,620,19903.576811
1437.0,759,19911.232656
1318.0,556,19916.709543
970.0,447,19921.094554
1476.0,579,19926.807336
1943.0,647,19933.257582
2278.0,736,19940.435617
2421.0,2970,19969.343278
1478.0,627,19975.479106
1350.0,518,19980.506474
2762.0,1057,19990.862208
2318.0,841,19999.146121
1329.0,544,20004.443707
2598.0,847,20012.627709
2032.0,731,20019.715465
2056.0,703,20026.536195
1761.0,655,20032.896711
1899.0,768,20040.326877
5032.0,2452,20064.164054
950.0,445,20068.502255
3002.0,972,20078.106339
1361.0,662,20084.610841
2257.0,764,20092.058583
941.0,454,20096.435313
1047.0,525,20101.590156
935.0,496,20106.450302
3941.0,3620,20141.789366
2218.0,886,20150.514112
561.0,379,20154.299828
1830.0,759,20161.841748
2343.0,895,20170.603249
1642.0,699,20177.505777
1359.0,597,20183.386154
2962.0,1001,20193.211552
1632.0,702,20200.078283
1800.0,646,20206.438946
2118.0,763,20214.35549
1299.0,521,20219.63425
1417.0,563,20225.239238
1487.0,579,20230.958299
1306.0,582,20236.825288
1737.0,734,20244.066911
2163.0,707,20251.041507
2872.0,821,20259.14425
2205.0,706,20266.042793
2484.0,784,20273.719152
2315.0,743,20281.104502
2628.0,791,20288.910651
1374.0,596,20294.742634
2878.0,899,20303.57798
1357.0,570,20309.158775
1456.0,589,20315.00851
3436.0,1077,20325.591758
2944.0,900,20334.420901
2417.0,1003,20344.27485
1575.0,642,20350.582684
1738.0,697,20357.421215
1958.0,686,20364.218659
1394.0,578,20369.985254
2178.0,668,20376.541559
3820.0,3631,20412.491516
1775.0,661,20419.063818
1427.0,588,20424.887083
2736.0,932,20434.058515
1359.0,660,20440.56095
2844.0,872,20449.124091
3968.0,2235,20471.114045
1392.0,576,20476.835445
2977.0,4032,20516.468118
3108.0,873,20525.407117
2594.0,912,20534.578031
2702.0,853,20543.134827
1381.0,606,20549.070695
1377.0,654,20555.547735
1365.0,526,20560.776314
2146.0,763,20568.23595
1377.0,546,20573.567318
1302.0,583,20579.271989
1733.0,614,20585.340426
1775.0,657,20591.819706
1533.0,613,20597.880272
2261.0,859,20606.292996
1783.0,630,20612.463114
1331.0,558,20617.929911
1388.0,593,20623.800271
2153.0,707,20630.714247
3253.0,1143,20642.05244
1387.0,666,20648.578753
1545.0,629,20654.753857
1454.0,619,20660.869279
1706.0,582,20666.566295
1725.0,590,20672.366744
1775.0,670,20678.913208
1354.0,535,20684.089275
1367.0,593,20689.840196
2019.0,1193,20701.350688
1880.0,698,20708.205912
1575.0,638,20714.431709
2123.0,730,20721.577694
930.0,466,20726.080716
1342.0,510,20731.072595
1458.0,650,20737.378029
1084.0,514,20742.374428
2579.0,946,20751.53921
1171.0,519,20756.589405
1868.0,673,20763.214505
3040.0,1002,20773.00795
1582.0,549,20778.37455
1810.0,674,20785.014518
1886.0,3693,20820.790673
3251.0,945,20830.041604
1541.0,663,20836.731395
2459.0,807,20844.79156
1371.0,656,20851.234004
1490.0,644,20857.502407
1980.0,610,20863.453888
2899.0,876,20871.987992
1957.0,683,20878.654895
1354.0,558,20884.159141
949.0,448,20888.491657
2473.0,821,20896.459187
912.0,483,20901.142162
2156.0,694,20907.838327
953.0,479,20912.49983
1779.0,697,20919.286854
1785.0,691,20926.010706
2217.0,816,20933.945591
2153.0,917,20942.891358
1397.0,571,20948.469063
2625.0,982,20958.049226
2927.0,1073,20968.605618
2309.0,829,20976.71719
2205.0,815,20984.668539
2644.0,1044,20994.805643
1463.0,575,21000.468356
1466.0,557,21005.925832
2569.0,838,21014.047493
1511.0,1117,21024.920864
2557.0,781,21032.561529
1975.0,774,21040.164703
2046.0,708,21047.102246
1706.0,654,21053.492349
2299.0,642,21059.694405
2177.0,738,21066.841871
1795.0,660,21073.236038
2574.0,910,21082.014399
2687.0,852,21090.290804
1747.0,726,21097.325561
1458.0,613,21103.267817
2336.0,801,21111.097081
1723.0,643,21117.359724
2194.0,785,21125.11139
2054.0,743,21132.302149
974.0,453,21136.721657
2264.0,649,21143.261495
1756.0,609,21149.498467
1718.0,576,21155.177866
1357.0,583,21160.828491
1743.0,625,21166.916918
1456.0,555,21172.256918
1999.0,707,21179.081028
2193.0,914,21187.922549
1369.0,524,21192.976105
2583.0,852,21201.330387
2030.0,771,21208.761433
1291.0,572,21214.257292
1361.0,590,21219.99823
2046.0,1936,21238.726691
1355.0,618,21244.706767
1900.0,725,21251.743322
2198.0,751,21259.031945
2428.0,895,21267.677959
1401.0,628,21273.7378
1758.0,591,21279.539113
1773.0,643,21285.84155
1448.0,577,21291.409775
2183.0,750,21298.638822
1467.0,546,21303.941626
1760.0,689,21310.616735
2137.0,706,21317.483207
2701.0,942,21326.667406
2162.0,708,21333.538636
1512.0,605,21339.398967
1886.0,730,21346.526356
1373.0,569,21352.076358
1575.0,695,21358.830064
3032.0,984,21368.455905
1907.0,718,21375.40717
1651.0,653,21381.831646
2131.0,840,21389.940125
1757.0,695,21396.634991
1383.0,578,21402.273484
1491.0,632,21408.377687
1630.0,587,21414.044617
1963.0,652,21420.376975
1886.0,724,21427.380245
1299.0,531,21432.47987
2288.0,772,21440.007809
2573.0,861,21448.448567
1331.0,557,21454.103528
949.0,454,21458.732651
3137.0,1059,21468.996798
2510.0,862,21477.342703
2203.0,803,21485.133792
1598.0,644,21491.378656
1621.0,668,21497.88344
1906.0,642,21504.133143
1391.0,635,21510.334134
1079.0,524,21515.364508
2128.0,705,21522.242314
1913.0,763,21529.686256
2050.0,826,21537.678347
1529.0,563,21543.141331
2035.0,1176,21554.546217
1129.0,552,21559.914352
1761.0,734,21567.003893
2280.0,703,21573.801393
1353.0,652,21580.167559
1364.0,594,21585.952565
2896.0,996,21595.598616
1795.0,654,21601.991124
2039.0,680,21608.662308
924.0,531,21613.85256
2606.0,1035,21624.003093
1902.0,660,21630.442108
1372.0,648,21636.793577
2806.0,1110,21647.544271
1353.0,564,21652.976639
1369.0,587,21658.696975
2495.0,974,21668.182386
2717.0,943,21677.320671
1905.0,738,21684.610153
1998.0,691,21691.350938
3283.0,2709,21717.682455
2200.0,802,21725.471539
1881.0,697,21732.252107
2217.0,704,21739.109714
1075.0,535,21744.293297
1515.0,564,21749.749764
2110.0,760,21757.160559
1383.0,666,21763.966399
1870.0,660,21770.753066
2598.0,721,21777.875105
2200.0,794,21785.633638
1383.0,655,21792.020257
1461.0,599,21797.860212
566.0,390,21801.658253
1490.0,586,21807.351406
1370.0,624,21813.367113
3231.0,2013,21832.887642
2126.0,675,21839.517167
1363.0,591,21845.343362
2207.0,745,21852.640991
2627.0,976,21862.201623
1765.0,666,21868.677511
1533.0,616,21874.685066
1917.0,812,21882.514935
2583.0,832,21890.547521
1389.0,605,21896.411899
3398.0,969,21905.774164
1377.0,566,21911.343293
1872.0,620,21917.413935
2171.0,764,21925.030176
1664.0,717,21932.050061
1150.0,1539,21946.971947
1084.0,553,21952.368084
1451.0,589,21958.084084
2346.0,829,21966.099096
983.0,456,21970.554775
2268.0,772,21978.116643
2240.0,779,21985.683126
2060.0,850,21994.06554
2383.0,809,22002.007571
1814.0,772,22009.596309
2470.0,883,22018.22067
3599.0,1394,22031.772326
1457.0,601,22037.598251
1714.0,611,22043.597145
2204.0,775,22051.159188
2808.0,997,22060.826506
2158.0,729,22068.083367
2282.0,896,22077.093449
2698.0,790,22085.076117
1889.0,682,22091.765328
951.0,453,22096.147816
1941.0,700,22103.003868
1364.0,655,22109.396973
2247.0,959,22118.751884
1997.0,709,22125.7361
2430.0,832,22133.816075
3491.0,1029,22143.912018
943.0,485,22148.61475
3942.0,1266,22161.041541
1759.0,757,22168.492595
1737.0,601,22174.317163
1620.0,628,22180.378021
1439.0,566,22185.847195
1759.0,626,22191.881245
1362.0,637,22198.057196
1946.0,723,22205.163113
1940.0,648,22211.505351
2695.0,705,22218.449168
2278.0,757,22225.766798
3111.0,947,22234.981716
2202.0,769,22242.512244
1479.0,630,22248.708527
1893.0,746,22256.050756
1139.0,560,22261.517398
1461.0,638,22267.764333
2252.0,713,22274.727384
1324.0,568,22280.273105
1102.0,518,22285.299027
2373.0,832,22293.431886
1838.0,734,22300.596506
1038.0,520,22305.713861
1902.0,678,22312.280306
1436.0,531,22317.486228
2890.0,858,22325.898288
2143.0,632,22332.150353
1331.0,536,22337.34727
2301.0,962,22346.761825
1332.0,533,22351.941263
1322.0,546,22357.296104
2466.0,3167,22388.746063
1401.0,558,22394.42505
2598.0,844,22402.742622
2318.0,777,22410.463344
2681.0,852,22418.887426
2266.0,657,22425.437893
2924.0,865,22433.971857
1790.0,746,22441.375406
1359.0,622,22447.507457
928.0,490,22452.365731
2391.0,867,22460.861585
1945.0,692,22467.69394
1611.0,629,22473.897325
1475.0,655,22480.350273
959.0,1209,22492.423452
1320.0,538,22497.747772
2580.0,811,22505.756795
1506.0,659,22512.161795
3134.0,4416,22555.518032
2703.0,805,22563.42934
1469.0,575,22569.137406
1351.0,467,22573.733013
1166.0,515,22578.810301
2176.0,741,22586.035465
2391.0,794,22593.736041
1772.0,695,22600.458721
1439.0,552,22605.811424
2202.0,748,22613.159313
1759.0,646,22619.46258
1365.0,681,22626.137187
2308.0,779,22633.737838
1804.0,686,22640.451764
1365.0,531,22645.701886
1944.0,726,22652.907474
3114.0,1023,22662.894379
2798.0,832,22671.005092
2030.0,853,22679.459375
1082.0,515,22684.51106
1483.0,603,22690.433188
1624.0,609,22696.521776
1427.0,597,22702.687457
1780.0,653,22709.133402
2350.0,838,22717.385799
2149.0,1516,22732.300769
2018.0,675,22738.862556
1998.0,751,22746.213013
2747.0,956,22755.506871
2423.0,869,22764.040493
1325.0,559,22769.522125
2284.0,678,22776.12813
1482.0,541,22781.40917
1365.0,715,22788.411754
1358.0,587,22794.129948
972.0,444,22798.467676
2974.0,975,22808.044127
2333.0,794,22815.846581
2709.0,788,22823.628723
2479.0,864,22832.094336
1734.0,673,22838.679981
1618.0,634,22844.836697
1377.0,576,22850.420915
2120.0,715,22857.362632
1333.0,541,22862.835658
2499.0,921,22871.815541
1555.0,632,22878.02048
2153.0,817,22885.929418
1614.0,600,22891.913558
966.0,869,22900.406261
1384.0,634,22906.576417
2489.0,769,22914.011541
1469.0,623,22920.023402
1469.0,559,22925.454093
2646.0,808,22933.306958
1362.0,525,22938.414741
1717.0,717,22945.391229
2461.0,899,22954.132657
1947.0,735,22961.313574
2473.0,797,22969.084807
1791.0,657,22975.505965
2393.0,746,22982.906103
2376.0,934,22992.065151
530.0,411,22996.031404
1708.0,599,23001.864471
1457.0,644,23008.399674
2383.0,856,23017.041358
1915.0,765,23024.540586
1450.0,663,23031.035137
1987.0,751,23038.339944
1863.0,714,23045.312114
1375.0,574,23050.975703
2860.0,880,23059.619134
1975.0,776,23067.175772
1468.0,591,23072.897671
1329.0,522,23077.931428
1358.0,587,23083.636598
1789.0,586,23089.321281
2381.0,831,23097.423115
1350.0,631,23103.5693
1893.0,647,23109.908449
1509.0,629,23116.117071
1922.0,656,23122.622641
2019.0,744,23129.950177
3219.0,913,23138.947638
2369.0,746,23146.32933
1718.0,569,23151.914736
926.0,487,23156.638718
1311.0,534,23161.852272
2296.0,769,23169.385514
1660.0,616,23175.340664
1385.0,639,23181.550491
1761.0,626,23187.586785
2098.0,617,23193.549021
2216.0,756,23200.910303
2224.0,759,23208.325388
2695.0,724,23215.422031
2052.0,641,23221.694948
952.0,456,23226.167678
990.0,470,23230.728494
1754.0,590,23236.43378
2303.0,876,23244.954968
1526.0,573,23250.530948
2303.0,799,23258.286543
1324.0,497,23263.140152
2205.0,801,23270.906592
2097.0,813,23278.785141
1426.0,677,23285.427517
924.0,494,23290.390854
1362.0,566,23295.946611
2288.0,797,23303.694245
2317.0,858,23311.972899
1514.0,595,23317.892798
1326.0,561,23323.634933
1809.0,747,23330.965292
2326.0,910,23339.816027
957.0,461,23344.265737
2291.0,869,23352.654187
1375.0,614,23358.640847
1725.0,594,23364.470221
2081.0,689,23371.268514
2118.0,878,23379.88833
1383.0,585,23385.640352
1465.0,545,23390.95902
2265.0,760,23398.375451
1614.0,603,23404.238
1350.0,622,23410.263353
1714.0,615,23416.312771
2695.0,847,23424.562263
2095.0,777,23432.16436
1895.0,651,23438.535926
2470.0,712,23445.444473
2497.0,1060,23455.816596
2533.0,836,23464.115228
2576.0,812,23472.117685
1386.0,662,23478.620695
1430.0,596,23484.422526
4618.0,1706,23501.15589
1757.0,682,23507.820926
2206.0,743,23515.075149
2155.0,778,23522.691983
1784.0,700,23529.552458
2449.0,738,23536.844427
1370.0,570,23542.420055
2344.0,810,23550.335983
2193.0,778,23558.028155
2559.0,831,23566.134376
1449.0,666,23572.639199
2690.0,899,23581.433257
1961.0,709,23588.375347
2215.0,800,23596.375111
1482.0,623,23602.488405
1470.0,614,23608.493559
1350.0,529,23613.726692
2289.0,705,23620.72975
2364.0,818,23628.914307
2146.0,758,23636.679716
1880.0,657,23643.108492
1321.0,521,23648.130599
1946.0,758,23655.576992
2008.0,651,23661.952558
2014.0,729,23669.124848
2391.0,877,23677.68944
939.0,475,23682.376446
1375.0,606,23688.3088
1477.0,603,23694.236541
2006.0,695,23701.063986
1733.0,643,23707.339503
2639.0,925,23716.435218
2716.0,979,23726.007111
2172.0,720,23732.988278
971.0,449,23737.393079
2027.0,686,23744.141575
1763.0,672,23750.734175
1352.0,566,23756.275233
2092.0,754,23763.627882
1538.0,673,23770.168664
1988.0,795,23778.06074
2206.0,769,23785.627977
1584.0,622,23791.68727
2479.0,792,23799.347369
2402.0,806,23807.196085
2775.0,1101,23817.975473
2300.0,866,23826.477379
934.0,471,23831.076958
1395.0,581,23836.715815
1712.0,680,23843.441109
2109.0,775,23851.035744
1154.0,615,23857.112022
1471.0,562,23862.634328
1983.0,788,23870.329106
1931.0,738,23877.533286
1898.0,742,23884.783488
2586.0,886,23893.423923
1363.0,604,23899.534615
1392.0,592,23905.373882
1371.0,552,23910.744125
2225.0,710,23917.772078
2469.0,806,23925.608038
1434.0,688,23932.335934
2928.0,3240,23964.631806
1501.0,595,23970.416435
2686.0,792,23978.137079
1546.0,647,23984.442611
2667.0,905,23993.253114
1801.0,643,23999.533153
2471.0,779,24007.144801
1777.0,602,24013.046721
2310.0,829,24021.289454
1398.0,568,24026.884075
2737.0,999,24036.576324
2175.0,799,24044.339382
1935.0,1274,24056.776443
2268.0,2591,24082.033553
2092.0,719,24089.05464
1881.0,647,24095.389323
1663.0,654,24101.788438
2899.0,1275,24114.17056
3001.0,921,24123.153087
2279.0,805,24131.021015
2189.0,842,24139.162673
549.0,391,24142.970552
2215.0,829,24151.065767
2012.0,617,24157.102421
2539.0,809,24164.927239
2887.0,934,24174.054941
1307.0,578,24179.75001
1380.0,639,24186.030572
3511.0,3752,24222.414729
2277.0,859,24230.683694
1686.0,546,24235.969708
2322.0,830,24243.983828
1873.0,734,24251.416872
1605.0,626,24257.851126
1517.0,614,24263.883403
1869.0,684,24270.46857
1526.0,656,24276.798832
2352.0,929,24285.856645
3504.0,1340,24298.847287
1757.0,688,24305.488667
1392.0,611,24311.4689
