# {"t_start": 1593420672.617989, "env_id": "MountainCarContinuous-v0"} 
r,l,t
-49.954322,999,3.98695
-51.178885,999,6.19098
-49.631763,999,8.417578
-50.193493,999,10.65899
-50.723965,999,12.921165
-47.745762,999,15.169689
-46.091404,999,17.421283
-38.970036,999,19.67529
-35.981536,999,21.921033
-32.492168,999,24.158647
-30.870745,999,26.399636
-25.516244,999,28.668515
-24.3576,999,30.942626
-19.442321,999,33.23501
-17.515525,999,35.625217
-16.612773,999,38.063589
-15.483917,999,40.533628
-13.510888,999,42.987794
-12.114021,999,45.443076
-11.604991,999,47.730877
-10.254155,999,50.011291
-9.524918,999,52.271141
-9.46255,999,54.558605
-8.769824,999,56.849244
-7.981875,999,59.109282
-8.068326,999,61.324393
-7.508857,999,63.549217
-7.107479,999,65.767863
-6.651282,999,67.952275
-6.911,999,70.153154
-6.773117,999,72.384329
-6.169479,999,74.601863
-6.189735,999,76.816512
-5.938531,999,79.032823
-6.29761,999,81.236864
-5.521152,999,83.460317
-5.603628,999,85.673261
-5.793109,999,87.908731
-5.709216,999,90.141455
-5.351179,999,92.364726
-5.606433,999,94.581542
-5.731176,999,96.810383
-4.627244,999,99.03978
-5.616354,999,101.267225
-5.50589,999,103.496991
-5.449829,999,105.712379
-5.221877,999,107.962341
-5.439898,999,110.211221
-5.163975,999,112.445866
-5.453198,999,114.666842
-4.937357,999,116.881646
-5.111534,999,119.089534
-5.409829,999,121.296256
-5.444553,999,123.532303
-5.62381,999,125.750673
-5.520362,999,127.971855
-5.315792,999,130.203537
-5.171236,999,132.407651
-5.695967,999,134.6297
-5.293141,999,136.835316
-5.133158,999,139.027264
-5.390657,999,141.242257
-5.621072,999,143.469932
-5.189122,999,145.688095
-5.359949,999,147.923467
-4.714098,999,150.118847
-5.390964,999,152.33714
-5.13822,999,154.53015
-4.877604,999,156.751464
-5.427889,999,158.966621
-5.416729,999,161.168653
-5.094,999,163.387855
-5.327505,999,165.59924
-5.266575,999,167.886974
-4.844183,999,170.297376
-5.037043,999,172.506204
-5.342029,999,174.723594
-4.911948,999,176.949313
-5.436418,999,179.20139
-4.959306,999,181.441261
-4.870339,999,183.695278
-5.384765,999,185.931552
-5.235348,999,188.184896
-4.928751,999,190.428211
-5.068219,999,192.704962
-5.1719,999,194.957322
-5.56788,999,197.198071
-5.396722,999,199.423689
-5.817193,999,201.660052
-5.161475,999,203.900273
-5.032371,999,206.136346
-5.097904,999,208.362282
-5.305639,999,210.580643
-5.221124,999,212.799428
-5.618152,999,215.031045
-5.228068,999,217.268308
-5.185628,999,219.517441
-5.297562,999,221.738309
-4.690912,999,223.976041
-5.316058,999,226.193886
-4.725866,999,228.462813
-4.930599,999,230.759681
-5.317075,999,233.11134
-5.292884,999,235.410567
-5.063576,999,237.643106
-5.196273,999,239.856856
-5.51616,999,242.104357
-5.086991,999,244.346922
-5.129857,999,246.560059
-4.952592,999,248.781417
-4.942774,999,251.016368
-4.876164,999,253.236441
-4.982574,999,255.481772
-5.259969,999,257.722079
-5.407961,999,259.998729
-5.263895,999,262.263748
-5.231493,999,264.507135
-5.09662,999,266.734581
-5.320847,999,269.01223
-5.053588,999,271.269861
-5.126562,999,273.551112
-5.59635,999,275.837254
-5.039882,999,278.107704
-4.90766,999,280.388422
-5.368439,999,282.639934
-5.052747,999,284.908605
-5.339519,999,287.194611
-4.903944,999,289.468254
-5.389685,999,291.735123
-4.587057,999,293.994721
-4.999121,999,296.272957
-5.375859,999,298.534214
-5.263013,999,300.783771
-5.079334,999,303.013265
-4.865428,999,305.25919
-5.395305,999,307.497449
-4.992645,999,309.740218
-5.143535,999,311.993519
-5.205445,999,314.262202
-4.931553,999,316.512696
-5.212722,999,318.765587
-5.516009,999,321.007079
-5.823873,999,323.265067
-4.235501,999,325.523422
-5.353269,999,327.782594
-5.168556,999,330.034581
-5.682592,999,332.285671
-5.383769,999,334.518766
-5.553847,999,336.769195
-5.26778,999,339.026276
-5.516481,999,341.28236
-5.583508,999,343.53337
-5.024679,999,345.83153
-5.032115,999,348.322226
-5.404159,999,350.817812
-5.008811,999,353.316499
-5.192887,999,355.805779
-5.117202,999,358.082058
-4.963248,999,360.33996
-4.820393,999,362.576769
-5.424216,999,364.820575
-4.954205,999,367.038154
-4.711224,999,369.284713
-4.915875,999,371.501551
-4.905604,999,373.742293
-4.588771,999,375.985084
-4.840492,999,378.206845
-5.000736,999,380.446389
-4.750788,999,382.697391
-5.558408,999,384.941345
-5.202583,999,387.206604
-4.77919,999,389.454967
-5.244525,999,391.689098
-5.013363,999,393.926487
-5.253573,999,396.164951
-5.230488,999,398.400422
-5.108325,999,400.633861
-5.29,999,402.862702
-5.114629,999,405.096776
-5.178934,999,407.342421
-5.122424,999,409.600398
-5.124974,999,411.828078
-5.028141,999,414.078726
-5.180977,999,416.306225
-5.261693,999,418.552255
-5.291416,999,420.792337
-4.89489,999,423.034817
-5.107792,999,425.272955
-4.686017,999,427.503338
-5.126588,999,429.772802
-4.950347,999,432.055249
-5.178683,999,434.325887
-5.065189,999,436.5872
-5.267991,999,438.841269
-4.680606,999,441.092909
-5.006666,999,443.321423
-5.183303,999,445.55928
-4.813925,999,447.809429
-4.870146,999,450.07143
-4.936522,999,452.319931
-4.858396,999,454.548622
-4.847971,999,456.777713
-5.152016,999,459.02603
-5.426591,999,461.276506
-5.340321,999,463.516405
-5.274508,999,465.751062
-5.383632,999,467.985532
-5.312058,999,470.222782
-5.501336,999,472.476375
-5.449262,999,474.734771
-5.438079,999,477.013636
-4.913322,999,479.274994
-4.917677,999,481.532493
-5.43921,999,483.793269
-5.370953,999,486.030416
-5.287263,999,488.271162
-4.99558,999,490.510948
-5.192079,999,492.739386
-5.097421,999,494.980876
-5.817416,999,497.21788
-4.920102,999,499.467665
-4.859051,999,501.712651
-4.924962,999,503.956544
-4.912845,999,506.186496
-5.226902,999,508.417038
-5.038271,999,510.676375
-5.287689,999,512.972993
-5.006926,999,515.230061
-5.25107,999,517.498095
-5.233152,999,519.747234
-5.145581,999,521.982025
-5.209128,999,524.220317
-5.075026,999,526.443644
-4.860927,999,528.714199
-4.779696,999,530.93863
-4.979478,999,533.174434
-4.75787,999,535.456384
-5.120654,999,537.79148
-5.040207,999,540.156061
-4.923057,999,542.41418
-5.169471,999,544.685263
-5.290292,999,546.966102
-4.958641,999,549.206776
-5.041167,999,551.45657
-5.546296,999,553.708667
-5.234293,999,555.932566
-5.184598,999,558.1513
-5.960136,999,560.371456
-5.114663,999,562.60393
-5.110483,999,564.826334
-5.29787,999,567.073775
-5.401929,999,569.336736
-6.049981,999,571.573633
-5.023389,999,573.824217
-5.650756,999,576.064075
-5.449672,999,578.325991
-4.953175,999,580.59355
-5.590866,999,582.846688
-5.173611,999,585.082068
-5.935303,999,587.335701
-5.511276,999,589.611989
-5.407001,999,591.876384
-5.340953,999,594.157699
-5.189965,999,596.401865
-4.87287,999,598.680401
-5.831901,999,600.939831
-5.415082,999,603.198151
-4.739956,999,605.441708
-4.925276,999,607.675427
-5.195116,999,609.964467
-5.505735,999,612.255215
-5.499644,999,614.490584
-4.979624,999,616.733196
-5.199296,999,618.972166
-5.073264,999,621.224894
-5.477308,999,623.475934
-5.053936,999,625.71967
-4.8119,999,627.982294
-5.251132,999,630.207074
-5.327418,999,632.439878
-5.188914,999,634.685263
-5.481367,999,636.923156
-5.002645,999,639.160675
-5.28445,999,641.41797
-5.223376,999,643.657037
-5.025333,999,645.907737
-5.287248,999,648.18312
-4.799069,999,650.431581
-4.732959,999,652.675572
-5.302209,999,654.939209
-4.651586,999,657.260695
-4.90794,999,659.689964
-5.138481,999,662.116482
-5.127172,999,664.570972
-4.671931,999,666.981821
-5.000478,999,669.232774
-5.05283,999,671.51372
-5.280845,999,673.776862
-5.376822,999,676.019053
-5.358056,999,678.290776
-4.992983,999,680.55044
-5.05391,999,682.791515
-4.882317,999,685.02914
-5.113838,999,687.277412
-4.989255,999,689.533783
-5.343516,999,691.782571
-4.860099,999,694.006716
-5.113242,999,696.242743
-5.507534,999,698.469764
-4.905623,999,700.705703
-5.207143,999,702.94991
-4.918976,999,705.165677
-4.924285,999,707.415816
-5.209423,999,709.647608
-4.761659,999,711.888858
-5.461217,999,714.122251
-4.95441,999,716.340894
-5.052145,999,718.597909
-5.30922,999,720.850004
-4.924486,999,723.091311
-5.666721,999,725.337527
-5.156447,999,727.584493
-5.605845,999,729.822079
-5.254609,999,732.059712
-5.283761,999,734.303663
-4.936098,999,736.544351
-5.5876,999,738.79083
-4.839777,999,741.020146
-5.146967,999,743.260861
-4.988825,999,745.478464
-5.243923,999,747.719691
-5.288265,999,749.967698
-4.640562,999,752.239816
-4.95162,999,754.511265
-4.920679,999,756.762011
-4.675669,999,759.015537
-4.957303,999,761.259332
-4.769302,999,763.50464
-5.29921,999,765.757646
-5.265669,999,768.041343
-5.171762,999,770.286228
-5.037704,999,772.505935
-4.658312,999,774.756751
-4.841031,999,776.996869
-4.828718,999,779.208895
-5.086603,999,781.454527
-4.880854,999,783.692783
-4.953952,999,785.935634
-4.600838,999,788.172975
-4.895991,999,790.399526
-4.930417,999,792.646771
-5.007031,999,794.892576
-4.458951,999,797.134686
-5.124429,999,799.386313
-4.801006,999,801.635839
-4.957767,999,803.890559
-5.457195,999,806.129101
-5.442048,999,808.368133
-5.1231,999,810.59944
-5.611823,999,812.839521
-5.627618,999,815.077841
-5.162044,999,817.320323
-5.330924,999,819.584498
-5.765235,999,821.855987
-5.384994,999,824.087099
-5.67646,999,826.343549
-5.789238,999,828.630825
-5.517223,999,830.899705
-5.584922,999,833.181042
-5.794875,999,835.442249
-5.21977,999,837.709659
-4.773286,999,839.993217
-4.877466,999,842.332206
-5.296732,999,844.695707
-4.724669,999,846.982743
-5.507669,999,849.224995
-5.27673,999,851.464886
-5.50635,999,853.733397
-5.116988,999,855.984285
-5.490499,999,858.243516
-5.221639,999,860.487382
-5.004384,999,862.735755
-5.472855,999,864.979642
-5.165994,999,867.226823
-4.79393,999,869.463534
-5.328946,999,871.700923
-5.345116,999,873.929279
-5.27623,999,876.159975
-5.114993,999,878.396388
-5.354714,999,880.657724
-5.228546,999,882.903686
-5.085614,999,885.141684
-4.782757,999,887.365554
-5.042699,999,889.622502
-5.127396,999,891.870122
-5.359505,999,894.116098
-5.289852,999,896.365549
-5.171883,999,898.61398
-5.390864,999,900.8372
-4.848611,999,903.060711
-5.153791,999,905.292673
-5.652486,999,907.527205
-4.96326,999,909.762807
-5.113903,999,912.03302
-4.782701,999,914.285878
-5.443396,999,916.551059
-5.086417,999,918.800373
-5.408656,999,921.055959
-5.278594,999,923.278942
-5.356966,999,925.512402
-5.090018,999,927.733529
-4.863857,999,929.973537
-5.466478,999,932.21139
-4.943758,999,934.449755
-4.798607,999,936.663737
-5.221391,999,938.892356
-5.516551,999,941.139926
-5.133762,999,943.363569
-5.153584,999,945.603441
-5.377525,999,947.86993
-5.431919,999,950.121834
-5.040523,999,952.371122
-5.333498,999,954.630053
-5.153797,999,956.86605
-4.942046,999,959.103591
-5.386351,999,961.334714
-4.906648,999,963.563485
-5.013803,999,965.786118
-4.77257,999,968.154496
-5.118911,999,970.579225
-5.113309,999,973.013937
-5.348563,999,975.44911
-4.531971,999,977.850821
-5.133367,999,980.106192
-5.176861,999,982.355601
-4.987349,999,984.616049
-4.973531,999,986.865324
-4.955401,999,989.107426
-4.775627,999,991.349903
-5.006773,999,993.611958
-5.168058,999,995.888839
-5.263875,999,998.138007
-5.257887,999,1000.418308
-5.259311,999,1002.671901
-5.049975,999,1004.917962
-4.907316,999,1007.153904
-5.284271,999,1009.421571
-4.996631,999,1011.667912
-5.176694,999,1013.88963
-4.970068,999,1016.124444
-5.266041,999,1018.353833
-5.200029,999,1020.58303
-4.907725,999,1022.833746
-5.089732,999,1025.073945
-5.146191,999,1027.286791
-5.243683,999,1029.508677
-4.903637,999,1031.738867
-5.313683,999,1033.995671
-4.680591,999,1036.223529
-5.197491,999,1038.447592
-4.900392,999,1040.682397
-5.302783,999,1042.917202
-5.363618,999,1045.145081
-5.569974,999,1047.359995
-5.374046,999,1049.610584
-5.382788,999,1051.834893
-5.046725,999,1054.047623
-5.361151,999,1056.257904
-5.735692,999,1058.493829
-5.277977,999,1060.737631
-5.650248,999,1062.978763
-4.922793,999,1065.20922
-4.959867,999,1067.441103
-4.689239,999,1069.67235
-5.424199,999,1071.914631
-5.091969,999,1074.155593
-5.429747,999,1076.401672
-5.074316,999,1078.675573
-5.21075,999,1080.967145
-5.160897,999,1083.19459
-4.835196,999,1085.436129
-4.877913,999,1087.676752
-5.161895,999,1089.899871
-5.069385,999,1092.123761
-4.894245,999,1094.326986
-5.462273,999,1096.567474
-5.221019,999,1098.815093
-4.967161,999,1101.033767
-5.142255,999,1103.279769
-4.986627,999,1105.51548
-5.555799,999,1107.739941
-5.172871,999,1109.98521
-5.250883,999,1112.229794
-5.406403,999,1114.469821
-5.454896,999,1116.698596
-5.342362,999,1118.922629
-5.331465,999,1121.152848
-5.258116,999,1123.382448
-5.137327,999,1125.637272
-4.989778,999,1127.905266
-5.146553,999,1130.156391
-4.886376,999,1132.392148
-5.089208,999,1134.631412
-5.209034,999,1136.851428
-4.879906,999,1139.0803
-5.473046,999,1141.326398
-4.944741,999,1143.586477
-4.864855,999,1145.864332
-5.218215,999,1148.227002
-5.11111,999,1150.563409
-5.204264,999,1152.842523
-4.760718,999,1155.112578
-5.125055,999,1157.374672
-5.217594,999,1159.656766
-5.610791,999,1161.924734
-5.119204,999,1164.178158
-4.905113,999,1166.413757
-5.013467,999,1168.689768
-5.054971,999,1170.935954
-5.050865,999,1173.184963
-4.975854,999,1175.42069
-5.035639,999,1177.656701
-5.184079,999,1179.901504
-5.044556,999,1182.121901
-5.026641,999,1184.359432
-4.846406,999,1186.622141
-4.768289,999,1188.85879
-5.359534,999,1191.10099
-4.650289,999,1193.362952
-5.376836,999,1195.611716
-5.350742,999,1197.854739
-4.822585,999,1200.087795
-5.141519,999,1202.320481
-4.835934,999,1204.570048
-5.187494,999,1206.828696
-4.922091,999,1209.071818
-5.099352,999,1211.320903
-4.984054,999,1213.561757
-4.815627,999,1215.796639
-4.941556,999,1218.059944
-5.041482,999,1220.317822
-5.143395,999,1222.584434
-4.817541,999,1224.820036
-5.113699,999,1227.064229
-4.893194,999,1229.30327
-4.974905,999,1231.51941
-4.618364,999,1233.77706
-5.234731,999,1236.06302
-5.141818,999,1238.329935
-4.97925,999,1240.614932
-5.306652,999,1242.871644
-5.083818,999,1245.104548
-5.473383,999,1247.356467
-5.202431,999,1249.608536
-5.29506,999,1251.835646
-5.093895,999,1254.090254
-5.275926,999,1256.333278
-4.797206,999,1258.604435
-5.304498,999,1260.863581
-4.810999,999,1263.106234
-4.730319,999,1265.334604
-4.825442,999,1267.582761
-4.923079,999,1269.842618
-4.729889,999,1272.094481
-4.793039,999,1274.358091
-4.774179,999,1276.606352
-5.260044,999,1278.96397
-5.418996,999,1281.400039
-4.873454,999,1283.851315
-5.050723,999,1286.254203
-5.533756,999,1288.63403
-4.91532,999,1290.860387
-5.055591,999,1293.089874
-4.927337,999,1295.326014
-4.879871,999,1297.556739
-4.85109,999,1299.813241
-4.671039,999,1302.035594
-4.949661,999,1304.256089
-5.152899,999,1306.480841
-5.237555,999,1308.70169
-5.290219,999,1310.918367
-4.908222,999,1313.171273
-5.089239,999,1315.439713
-4.997325,999,1317.705204
-4.904075,999,1319.943446
-5.246734,999,1322.180561
-4.876279,999,1324.414896
-5.031068,999,1326.626551
-4.957099,999,1328.844184
-4.791587,999,1331.084866
-4.815484,999,1333.305932
-4.885051,999,1335.539854
-5.00656,999,1337.764392
-4.924594,999,1339.979874
-5.079503,999,1342.199395
-4.899079,999,1344.431882
-4.932699,999,1346.654249
-4.533663,999,1348.880683
-5.127335,999,1351.115705
-5.256741,999,1353.336638
-5.293738,999,1355.582903
-5.187461,999,1357.827954
-5.248406,999,1360.07506
-5.245156,999,1362.307818
-4.667163,999,1364.565228
-4.816774,999,1366.82101
-5.504043,999,1369.070078
-4.790345,999,1371.33139
-5.17922,999,1373.570019
-5.063403,999,1375.782891
-4.99193,999,1378.020445
-5.264953,999,1380.272608
-5.368656,999,1382.49036
-5.175719,999,1384.732824
-5.134381,999,1386.938003
-5.244684,999,1389.178462
-5.090792,999,1391.400815
-5.127371,999,1393.645637
-5.327362,999,1395.905864
-5.030537,999,1398.173512
-5.259843,999,1400.411097
-5.454585,999,1402.680758
-4.75483,999,1404.919502
-5.275464,999,1407.14096
-5.018926,999,1409.37648
-5.123949,999,1411.622765
-4.970647,999,1413.851542
-5.231265,999,1416.088013
-4.904949,999,1418.303132
-4.935871,999,1420.529237
-5.055506,999,1422.744771
-5.20675,999,1424.962754
-5.272562,999,1427.185418
-4.825704,999,1429.448667
-4.874197,999,1431.678373
-4.806507,999,1433.913719
-5.634561,999,1436.122923
-5.215852,999,1438.338666
-4.998771,999,1440.561211
-4.727605,999,1442.780962
-4.632294,999,1445.024817
-5.28655,999,1447.223264
-5.398074,999,1449.46622
-4.616704,999,1451.756898
-4.828464,999,1454.094965
-5.111872,999,1456.413652
-5.097908,999,1458.639998
-5.073864,999,1460.851338
-4.734828,999,1463.055112
-4.984352,999,1465.268219
-5.19953,999,1467.48915
-5.283053,999,1469.694211
-5.25436,999,1471.928893
-4.776199,999,1474.158186
-4.94646,999,1476.390126
-5.18379,999,1478.626836
-5.25092,999,1480.869224
-5.058941,999,1483.126697
-5.26432,999,1485.370781
-5.221619,999,1487.62353
-4.779007,999,1489.873854
-4.674867,999,1492.112877
-5.144196,999,1494.345924
-5.080252,999,1496.594467
-4.884312,999,1498.836465
-5.148255,999,1501.049736
-4.926349,999,1503.255468
-5.389902,999,1505.484943
-5.016785,999,1507.709572
-5.030221,999,1509.917011
-5.542155,999,1512.127107
-4.886476,999,1514.357775
-4.844304,999,1516.565765
-4.932368,999,1518.784098
-5.334496,999,1521.007638
-5.3513,999,1523.233931
-4.940377,999,1525.465977
-4.727938,999,1527.693553
-4.719129,999,1529.919214
-5.300529,999,1532.171947
-5.504371,999,1534.381809
-5.180972,999,1536.594812
-4.703924,999,1538.81678
-5.20952,999,1541.047506
-5.318054,999,1543.293016
-4.670889,999,1545.534528
-4.69557,999,1547.776838
-5.112851,999,1550.007632
-5.264739,999,1552.249342
-5.155847,999,1554.499616
-4.9688,999,1556.784308
-5.148704,999,1559.025304
-4.957162,999,1561.289595
-5.305578,999,1563.549321
-4.82997,999,1565.758027
-4.703277,999,1567.97832
-5.098459,999,1570.193244
-4.78515,999,1572.423488
-5.329219,999,1574.670831
-4.860151,999,1576.890085
-4.842314,999,1579.116631
-5.181757,999,1581.344159
-5.042562,999,1583.591304
-5.152609,999,1585.818111
-4.981464,999,1588.040998
-4.864117,999,1590.437316
-4.901784,999,1592.862285
-5.055935,999,1595.29685
-5.042484,999,1597.729159
-5.352655,999,1600.052652
-4.878743,999,1602.285957
-5.005576,999,1604.509544
-5.178742,999,1606.728868
-5.027118,999,1608.938652
-5.08753,999,1611.146145
-4.980526,999,1613.372668
-4.522748,999,1615.621766
-5.273779,999,1617.84382
-4.93119,999,1620.074538
-4.823155,999,1622.296989
-4.803907,999,1624.499723
-4.758902,999,1626.723277
-4.698404,999,1628.944076
-4.994848,999,1631.176292
-4.983614,999,1633.409589
-4.988221,999,1635.644148
-5.059753,999,1637.88558
-5.00661,999,1640.127154
-4.693087,999,1642.370644
-5.060868,999,1644.629921
-5.130127,999,1646.87306
-4.932942,999,1649.091452
-5.053464,999,1651.308941
-5.015828,999,1653.540015
-5.037832,999,1655.756001
-5.384515,999,1657.975305
-5.104372,999,1660.213664
-5.082508,999,1662.448594
-5.204778,999,1664.668853
-5.159584,999,1666.879809
-5.528928,999,1669.127105
-4.837319,999,1671.366117
-5.611639,999,1673.603056
-5.601653,999,1675.823053
-4.829602,999,1678.082546
-4.871876,999,1680.301888
-5.25361,999,1682.529584
-5.140589,999,1684.764234
-5.062942,999,1686.998237
-4.79658,999,1689.232443
-4.919676,999,1691.463689
-5.004086,999,1693.682169
-4.687234,999,1695.90727
-5.632609,999,1698.150988
-5.24064,999,1700.377954
-5.144615,999,1702.605368
-5.287127,999,1704.831853
-5.416249,999,1707.062556
-4.786036,999,1709.31135
-5.184752,999,1711.545697
-5.262995,999,1713.776283
-4.919361,999,1716.029393
-5.215342,999,1718.291616
-5.351909,999,1720.556476
-5.042593,999,1722.794899
-5.367109,999,1725.023282
-4.893923,999,1727.234968
-4.935679,999,1729.469194
-6.028886,999,1731.664401
-5.068344,999,1733.851444
-4.930615,999,1736.060507
-5.392595,999,1738.292902
-4.925424,999,1740.508228
-5.112691,999,1742.73901
-5.175973,999,1744.962726
-5.309434,999,1747.169585
-4.964612,999,1749.401983
-5.341196,999,1751.650522
-5.194282,999,1753.877895
-4.402115,999,1756.1045
-4.967056,999,1758.434218
-5.405605,999,1760.785595
-5.078675,999,1763.029553
-5.408323,999,1765.266971
-5.436203,999,1767.47805
-4.909709,999,1769.683596
-5.29082,999,1771.908184
-5.170748,999,1774.136263
-5.382327,999,1776.374311
-5.106223,999,1778.580455
-4.896329,999,1780.811774
-5.425577,999,1783.029903
-5.477291,999,1785.224271
-5.112178,999,1787.439617
-5.499591,999,1789.659503
-5.533733,999,1791.873833
-5.313843,999,1794.093783
-4.922955,999,1796.325129
-4.937675,999,1798.560215
-5.378779,999,1800.800556
-5.152705,999,1803.023471
-5.069581,999,1805.290774
-4.825586,999,1807.512805
-5.109125,999,1809.76262
-5.364917,999,1811.975169
-5.138936,999,1814.188521
-5.205947,999,1816.408008
-5.017369,999,1818.61586
-5.354381,999,1820.827027
-5.189494,999,1823.021794
-4.77701,999,1825.21895
-5.07182,999,1827.439633
-5.019546,999,1829.645699
-4.642907,999,1831.846609
-5.204608,999,1834.072171
-4.937555,999,1836.319034
-5.614458,999,1838.538869
-5.457086,999,1840.765765
-5.273198,999,1842.984928
-4.78926,999,1845.210875
-5.212083,999,1847.428217
-5.134183,999,1849.661864
-5.523768,999,1851.902801
-5.679606,999,1854.118836
-5.046524,999,1856.34783
-5.810731,999,1858.559392
-5.563003,999,1860.76688
-5.096419,999,1862.976785
-5.492769,999,1865.190171
-5.421391,999,1867.410882
-5.256291,999,1869.626232
-5.347038,999,1871.862245
-5.200912,999,1874.104203
-5.078238,999,1876.322926
-5.175449,999,1878.550292
-5.156385,999,1880.812463
-5.255504,999,1883.073196
-4.986539,999,1885.331348
-4.900534,999,1887.567563
-5.203979,999,1889.779275
-5.005574,999,1892.008838
-4.970705,999,1894.215822
-5.163765,999,1896.428792
-4.814743,999,1898.673711
-5.126421,999,1901.077091
-5.271846,999,1903.486204
-4.487489,999,1905.936169
-5.144684,999,1908.373917
-4.859153,999,1910.682686
-5.172234,999,1912.905328
-4.906807,999,1915.146471
-4.758549,999,1917.386204
-5.373581,999,1919.615139
-5.413797,999,1921.839898
-5.957633,999,1924.039058
-5.461629,999,1926.290172
-5.536866,999,1928.548927
-5.128462,999,1930.785647
-5.343012,999,1933.019864
-5.344701,999,1935.238256
-5.103085,999,1937.475955
-5.31674,999,1939.68696
-5.304511,999,1941.897879
-5.539537,999,1944.105345
-5.140833,999,1946.341872
-5.298487,999,1948.565078
-5.431633,999,1950.774154
-5.327157,999,1952.987212
-4.977492,999,1955.213882
-4.839465,999,1957.449337
-5.514622,999,1959.705995
-5.199979,999,1961.952403
-5.143095,999,1964.191688
-5.26703,999,1966.433152
-5.212651,999,1968.647787
-5.467565,999,1970.848738
-5.184926,999,1973.055185
-5.205272,999,1975.252773
-5.197093,999,1977.490298
-5.59694,999,1979.697027
-5.373772,999,1981.905508
-5.059919,999,1984.1082
-4.80567,999,1986.337146
-5.095267,999,1988.549742
-4.756443,999,1990.738646
-4.741326,999,1992.948412
-5.293563,999,1995.161968
-4.982768,999,1997.380277
-5.082481,999,1999.571486
-5.266809,999,2001.765239
-4.806052,999,2003.996965
-4.962937,999,2006.213028
-4.956569,999,2008.447911
-5.269158,999,2010.663412
-4.493194,999,2012.91425
-5.472041,999,2015.156557
-5.448199,999,2017.392176
-5.145271,999,2019.620324
-5.104363,999,2021.846468
-5.086587,999,2024.081905
-5.197702,999,2026.310404
-4.878809,999,2028.571889
-5.370649,999,2030.813106
-4.978443,999,2033.067618
-5.458906,999,2035.307668
-5.030327,999,2037.557973
-5.586815,999,2039.828153
-5.37996,999,2042.074977
-5.389512,999,2044.355826
-5.292198,999,2046.621827
-5.041651,999,2048.864805
-5.209511,999,2051.091042
-4.964075,999,2053.313835
-5.03663,999,2055.561218
-4.967364,999,2057.817666
-5.222588,999,2060.061821
-5.045628,999,2062.347811
-5.322714,999,2064.697088
-5.111402,999,2067.01847
-4.892248,999,2069.25651
-5.280843,999,2071.478917
-5.265875,999,2073.69703
-4.989942,999,2075.898138
-5.239827,999,2078.123466
-4.883416,999,2080.349449
-5.463066,999,2082.578757
-5.487196,999,2084.810965
-5.238832,999,2087.035216
-5.396079,999,2089.278236
-5.366391,999,2091.494991
-5.43589,999,2093.722846
-5.11634,999,2095.958635
-5.180841,999,2098.209264
-5.170735,999,2100.444803
-5.257482,999,2102.652322
-5.5325,999,2104.887063
-5.059813,999,2107.111308
-4.99015,999,2109.343859
-4.906128,999,2111.563934
-5.197523,999,2113.77312
-4.765995,999,2116.005144
-4.931661,999,2118.238183
-5.081921,999,2120.511212
-5.178171,999,2122.804863
-5.144892,999,2125.044876
-5.247267,999,2127.307143
-4.87781,999,2129.53988
-5.218291,999,2131.788963
-4.877282,999,2134.007704
-4.889045,999,2136.24388
-5.595386,999,2138.478165
-5.190586,999,2140.706124
-4.972254,999,2142.942862
-4.997601,999,2145.172209
-5.116673,999,2147.404341
-5.340281,999,2149.635991
-5.191807,999,2151.917619
-5.33158,999,2154.156776
-4.977893,999,2156.41903
-5.384127,999,2158.660575
-5.052123,999,2160.874516
-5.485841,999,2163.083517
-5.653745,999,2165.324615
-5.331071,999,2167.55494
-5.2404,999,2169.779971
-5.14328,999,2171.999072
-5.472572,999,2174.21972
-5.655801,999,2176.428265
-4.946203,999,2178.642891
-5.453874,999,2180.886659
-4.919773,999,2183.131168
-5.325359,999,2185.368605
-4.638138,999,2187.612713
-5.394672,999,2189.845454
-5.02063,999,2192.090065
-4.605573,999,2194.293703
-4.837244,999,2196.507573
-5.176721,999,2198.768998
-5.576205,999,2201.027869
-4.991534,999,2203.295762
-4.958805,999,2205.546023
-5.503308,999,2207.810791
-5.397713,999,2210.073529
-4.930688,999,2212.511702
-5.456324,999,2214.953057
-5.504893,999,2217.431709
-4.929141,999,2219.890397
-5.058601,999,2222.144006
-5.561542,999,2224.398206
-5.53143,999,2226.65653
-5.256963,999,2228.883789
-5.304463,999,2231.106738
-4.785181,999,2233.336523
-4.924122,999,2235.556834
-4.967562,999,2237.781102
-4.969558,999,2240.005788
-5.141821,999,2242.263654
-5.556549,999,2244.492935
-4.832088,999,2246.737096
-4.901625,999,2248.989032
-5.30387,999,2251.200329
-5.195542,999,2253.398265
-5.257348,999,2255.632926
-5.316971,999,2257.885417
-5.418587,999,2260.132023
-5.29227,999,2262.380396
-5.682342,999,2264.595337
-5.672932,999,2266.831744
-5.291575,999,2269.076836
-5.926245,999,2271.28276
-5.090725,999,2273.51521
-5.908734,999,2275.750202
-4.761319,999,2278.0073
-5.438182,999,2280.278456
-5.3344,999,2282.528861
-5.234027,999,2284.809004
-5.530416,999,2287.085238
-5.243234,999,2289.350919
-5.340082,999,2291.589098
-5.114538,999,2293.821314
-5.222724,999,2296.042863
-5.381685,999,2298.277404
-4.982478,999,2300.508826
-5.025425,999,2302.739963
-5.4805,999,2304.978843
-5.443841,999,2307.202259
-4.958627,999,2309.470582
-4.837728,999,2311.704226
-4.933636,999,2313.95248
-5.463976,999,2316.170433
-5.180438,999,2318.415145
-4.671593,999,2320.66111
-4.88431,999,2322.885279
-5.29874,999,2325.117957
-5.479345,999,2327.33652
-4.990838,999,2329.582839
-4.74989,999,2331.816956
-5.078481,999,2334.059696
-4.876019,999,2336.2892
-4.858581,999,2338.530827
-4.956407,999,2340.773662
-5.331232,999,2342.983814
-4.966647,999,2345.21546
-5.200236,999,2347.463518
-4.707773,999,2349.713465
-5.247873,999,2351.961071
-5.486035,999,2354.199894
-4.99748,999,2356.439449
-5.659183,999,2358.659863
-5.182305,999,2360.927691
-5.223498,999,2363.157961
-5.177481,999,2365.402988
-5.525117,999,2367.708739
-4.859256,999,2370.061156
-5.42308,999,2372.380231
-5.415164,999,2374.637192
-5.194466,999,2376.883736
-5.443852,999,2379.13234
-4.919169,999,2381.375698
-5.134239,999,2383.598553
-5.293424,999,2385.852351
-5.296823,999,2388.095415
-5.281185,999,2390.33303
-5.316084,999,2392.574786
-5.292383,999,2394.810231
-5.421426,999,2397.021317
-5.137811,999,2399.239482
-4.780861,999,2401.47398
-5.067329,999,2403.726247
-5.476826,999,2405.976841
-5.421309,999,2408.20753
-5.365368,999,2410.432875
-5.293071,999,2412.669465
-5.24359,999,2414.877439
-5.399512,999,2417.088449
-4.834731,999,2419.308884
-4.865251,999,2421.52328
-4.971944,999,2423.746405
-5.478198,999,2425.983675
-5.309389,999,2428.213946
-5.161496,999,2430.437337
-5.025759,999,2432.683109
-4.754563,999,2434.92042
-4.993198,999,2437.171753
-5.211033,999,2439.42219
-4.735391,999,2441.692493
-4.826326,999,2443.997677
-5.13639,999,2446.250924
-5.046395,999,2448.534841
-5.206068,999,2450.798874
-4.999291,999,2453.023235
-5.162699,999,2455.242975
-4.996612,999,2457.466869
-5.442509,999,2459.684168
-5.257343,999,2461.913685
-5.195047,999,2464.136584
-5.104434,999,2466.379327
-5.43113,999,2468.61281
-5.142762,999,2470.862723
-5.246832,999,2473.079825
-5.06131,999,2475.2974
-5.280038,999,2477.514749
-5.244397,999,2479.725502
-5.234901,999,2481.948408
-4.87083,999,2484.173181
-4.454571,999,2486.393709
-4.649485,999,2488.607227
-4.5002,999,2490.851501
-4.919155,999,2493.073469
-5.349973,999,2495.310599
-4.906827,999,2497.575984
-5.353694,999,2499.82696
-4.985912,999,2502.073788
-5.163078,999,2504.341254
-5.177769,999,2506.574106
-4.907582,999,2508.798189
-5.102505,999,2511.036899
-5.248251,999,2513.264243
-4.869667,999,2515.520071
-4.940077,999,2517.772207
-4.874362,999,2520.033075
-5.363709,999,2522.474555
-5.072664,999,2524.931203
-5.388111,999,2527.382414
-5.174945,999,2529.849665
-5.094373,999,2532.17117
-4.695753,999,2534.414093
-4.611958,999,2536.649736
-5.124722,999,2538.880412
-4.901959,999,2541.097135
-5.183834,999,2543.333794
-5.279675,999,2545.554961
-5.320819,999,2547.784077
-4.827145,999,2550.019047
-5.244338,999,2552.247362
-5.59189,999,2554.480262
-5.147367,999,2556.735382
-5.082958,999,2558.966311
-5.290457,999,2561.226196
-5.091182,999,2563.478842
-5.435887,999,2565.721584
-5.036881,999,2567.943611
-4.94699,999,2570.17215
-5.224126,999,2572.379375
-5.49025,999,2574.609387
-5.341821,999,2576.833973
-5.276941,999,2579.053478
-5.370115,999,2581.270356
-5.154016,999,2583.468949
-5.623568,999,2585.69688
-5.435645,999,2587.925667
-5.391939,999,2590.136073
-5.601279,999,2592.387463
-5.042297,999,2594.629124
-5.173686,999,2596.852561
-5.153787,999,2599.091194
-5.114876,999,2601.321945
-4.962084,999,2603.566583
-5.299746,999,2605.815335
-5.158624,999,2608.065584
-5.489576,999,2610.324373
-4.689511,999,2612.560887
-5.111197,999,2614.796629
-5.175097,999,2617.017927
-5.297087,999,2619.256786
-4.919596,999,2621.481646
-5.255274,999,2623.715014
-5.86701,999,2625.940276
-5.34794,999,2628.185065
-5.039603,999,2630.411234
-5.691748,999,2632.627947
-5.392087,999,2634.83812
-5.14182,999,2637.089992
-5.866636,999,2639.323841
-5.659636,999,2641.578172
-5.518846,999,2643.823614
-5.248224,999,2646.031738
-5.231188,999,2648.251316
-5.136805,999,2650.48975
-5.174313,999,2652.704428
-4.946249,999,2654.949869
-5.444729,999,2657.161543
-5.269229,999,2659.394382
-5.242298,999,2661.630663
-5.179007,999,2663.863884
-5.117929,999,2666.104702
-5.388757,999,2668.329502
-5.159631,999,2670.56224
-5.210148,999,2672.852202
-5.410426,999,2675.196893
-5.167621,999,2677.531932
-5.71307,999,2679.792953
-5.467306,999,2682.03891
-5.145428,999,2684.312876
-5.071673,999,2686.59363
-4.659315,999,2688.859421
-5.207547,999,2691.162287
-5.134112,999,2693.396532
-4.529544,999,2695.626604
-4.913858,999,2697.866355
-5.282314,999,2700.09656
-4.680264,999,2702.336929
-4.861126,999,2704.572261
-5.151408,999,2706.815494
-5.291403,999,2709.0385
-5.314335,999,2711.281094
-5.320162,999,2713.480741
-5.496835,999,2715.715346
-5.662508,999,2717.9649
-4.964352,999,2720.19552
-5.383293,999,2722.399311
-5.935551,999,2724.631311
-5.292537,999,2726.860341
-5.032718,999,2729.0973
-5.31075,999,2731.323661
-5.474561,999,2733.559213
-5.231121,999,2735.765458
-5.415376,999,2737.980592
-5.212184,999,2740.216439
-5.205571,999,2742.460212
-5.222421,999,2744.704787
-5.752853,999,2746.927906
-5.467524,999,2749.162593
-5.514051,999,2751.421847
-4.8645,999,2753.664495
-4.930815,999,2755.90607
-5.089195,999,2758.12973
-5.311939,999,2760.335369
-4.999895,999,2762.588721
-5.414121,999,2764.842129
-4.985001,999,2767.094398
-5.069601,999,2769.350899
-4.906709,999,2771.603204
-5.043846,999,2773.819871
-4.908413,999,2776.03065
-4.277583,999,2778.276197
-5.252253,999,2780.493696
-5.294726,999,2782.731199
-5.190582,999,2784.966181
-4.848195,999,2787.174023
-4.706452,999,2789.375264
-5.204048,999,2791.618331
-5.496231,999,2793.817144
-5.061243,999,2796.034949
-5.242495,999,2798.26147
-5.458783,999,2800.499141
-4.79676,999,2802.730799
-5.294808,999,2804.948809
-5.309878,999,2807.186594
-5.1807,999,2809.413699
-5.101949,999,2811.631238
-5.295319,999,2813.892532
-5.236795,999,2816.111939
-4.92546,999,2818.368938
-4.6596,999,2820.596332
-5.469803,999,2822.837616
-5.158301,999,2825.056818
-5.45303,999,2827.285633
-5.15055,999,2829.512441
-5.186265,999,2831.788662
-5.429515,999,2834.22375
-4.585659,999,2836.666271
-4.764816,999,2839.101044
-4.61543,999,2841.536916
-5.28392,999,2843.819724
-5.029544,999,2846.0799
-5.584266,999,2848.339664
-5.377155,999,2850.61341
-5.441846,999,2852.847474
-5.269566,999,2855.061358
-5.073591,999,2857.271194
-4.606191,999,2859.506583
-5.000861,999,2861.720451
-5.16557,999,2863.931623
-4.599745,999,2866.157577
-5.544118,999,2868.415253
-5.063744,999,2870.61742
-5.201987,999,2872.824011
-4.904262,999,2875.054361
-4.615858,999,2877.271379
-5.195984,999,2879.489645
-4.959134,999,2881.704578
-5.326225,999,2883.914896
-5.536995,999,2886.149381
-5.000778,999,2888.372606
-4.958265,999,2890.600199
-5.041965,999,2892.836806
-5.141198,999,2895.051405
-5.653439,999,2897.281011
-5.383732,999,2899.519617
-4.714377,999,2901.756287
-5.041522,999,2903.974623
-5.666174,999,2906.215443
-5.274654,999,2908.466783
-5.385857,999,2910.70214
-5.261085,999,2912.924757
-5.584049,999,2915.146614
-5.453126,999,2917.384164
-5.621313,999,2919.60469
-5.380029,999,2921.838608
-5.163049,999,2924.104451
-5.113332,999,2926.369354
-5.348272,999,2928.660578
-5.037682,999,2930.914514
-5.04647,999,2933.164192
-4.835698,999,2935.393132
-5.170103,999,2937.635115
-5.241971,999,2939.90675
-5.388228,999,2942.166392
-4.92756,999,2944.418648
-4.975591,999,2946.643098
-4.669574,999,2948.892361
-5.325778,999,2951.092903
-5.483462,999,2953.312582
-4.869034,999,2955.509832
-4.946663,999,2957.728144
-5.13382,999,2959.947225
-5.578799,999,2962.141843
-4.990548,999,2964.353913
-4.702281,999,2966.585386
-5.084084,999,2968.813848
-4.763334,999,2971.065573
-5.22876,999,2973.29874
-5.278537,999,2975.520947
-5.15309,999,2977.779582
-5.135044,999,2980.119671
-5.726552,999,2982.460485
-5.301144,999,2984.704525
-5.301509,999,2986.941002
-5.061449,999,2989.171767
-5.209448,999,2991.377539
-4.954238,999,2993.618727
-5.097583,999,2995.857401
-5.202895,999,2998.098462
-4.90831,999,3000.344548
-4.884269,999,3002.617424
-5.159802,999,3004.872627
-5.344001,999,3007.122592
-5.089829,999,3009.396343
-4.680686,999,3011.645574
-4.89863,999,3013.884356
-5.210695,999,3016.135102
-5.27511,999,3018.381719
-4.73246,999,3020.601301
-4.915086,999,3022.846065
-5.281663,999,3025.071687
-4.664086,999,3027.27221
-5.062476,999,3029.483568
-4.982119,999,3031.692698
-5.26493,999,3033.905429
-5.263023,999,3036.107184
-5.320664,999,3038.331718
-5.169544,999,3040.565734
-5.248959,999,3042.79139
-4.887993,999,3045.017978
-4.993733,999,3047.259995
-5.363924,999,3049.46971
-5.286179,999,3051.705194
-4.919907,999,3053.958471
-5.277331,999,3056.192546
-5.115111,999,3058.423235
-5.075709,999,3060.636719
-4.53743,999,3062.855937
-5.121427,999,3065.076723
-5.070559,999,3067.32594
-5.266687,999,3069.531775
-5.245078,999,3071.770087
-5.177699,999,3073.989316
-5.132243,999,3076.207368
-5.073232,999,3078.455508
-4.829556,999,3080.677604
-5.294998,999,3082.923183
-5.070308,999,3085.136195
-4.909681,999,3087.372903
-4.707133,999,3089.610876
-5.506068,999,3091.836005
-5.394398,999,3094.056914
-4.862325,999,3096.296777
-5.176127,999,3098.554248
-4.951178,999,3100.754355
-5.112309,999,3102.988362
-5.431006,999,3105.224372
-5.013174,999,3107.474279
-5.045662,999,3109.708249
-5.042358,999,3111.927467
-5.081686,999,3114.188552
-5.112569,999,3116.443744
-5.120132,999,3118.696513
-5.117288,999,3120.939515
-5.007152,999,3123.178454
-4.670282,999,3125.432384
-4.863166,999,3127.679984
-5.305084,999,3129.915871
-4.980082,999,3132.152753
-5.495466,999,3134.390264
-4.977952,999,3136.595103
-4.935837,999,3138.82233
-5.582283,999,3141.057817
-5.042417,999,3143.417033
-5.175792,999,3145.868384
-5.179513,999,3148.338726
-5.258869,999,3150.794094
-5.233731,999,3153.188677
-4.752279,999,3155.431661
-4.809751,999,3157.669557
-5.037949,999,3159.965038
-5.078437,999,3162.213794
-5.043565,999,3164.468792
-5.064661,999,3166.746336
-5.046085,999,3169.004702
-4.87533,999,3171.291471
-4.802824,999,3173.555777
-4.535084,999,3175.808342
-4.893387,999,3178.048809
-5.215909,999,3180.261325
-5.149338,999,3182.50592
-5.147262,999,3184.76291
-5.059033,999,3187.02621
-4.699003,999,3189.259868
-5.163232,999,3191.50394
-4.793734,999,3193.773287
-5.41624,999,3196.025088
-4.920734,999,3198.253287
-4.930603,999,3200.495341
-5.771848,999,3202.748101
-5.400515,999,3205.011007
-5.037749,999,3207.247307
-5.255294,999,3209.466102
-5.034835,999,3211.717859
-5.305855,999,3213.943249
-4.765529,999,3216.182817
-4.975484,999,3218.417284
-5.088766,999,3220.668717
-5.876308,999,3222.930767
-5.296788,999,3225.2098
-5.618897,999,3227.460959
-4.773693,999,3229.702272
-5.12705,999,3231.950311
-5.261824,999,3234.203011
-5.020432,999,3236.457754
-5.137777,999,3238.666735
-4.87584,999,3240.947364
-5.293736,999,3243.195674
-5.049558,999,3245.472006
-5.254616,999,3247.768473
-4.94647,999,3250.038646
-5.088992,999,3252.347475
-4.85549,999,3254.625919
-4.932987,999,3256.882947
-5.39291,999,3259.111041
-4.846878,999,3261.366796
-4.838661,999,3263.579615
-5.186588,999,3265.822969
-4.795286,999,3268.083825
-5.370603,999,3270.326627
-5.27447,999,3272.579387
-5.093889,999,3274.836941
-5.237108,999,3277.105951
-5.320492,999,3279.353378
-5.459867,999,3281.601697
-5.320525,999,3283.900273
-5.174045,999,3286.275047
-4.930938,999,3288.589131
-5.204765,999,3290.812147
-5.114179,999,3293.035193
-5.291206,999,3295.279445
-4.922448,999,3297.53757
-5.171401,999,3299.774039
-5.385943,999,3302.011057
-5.285362,999,3304.260084
-5.195841,999,3306.482702
-5.235296,999,3308.728031
-5.443675,999,3310.972609
-5.023427,999,3313.21008
-5.096072,999,3315.445973
-5.240987,999,3317.702513
-5.566256,999,3319.968693
-5.150836,999,3322.223264
-5.012719,999,3324.468211
-5.22691,999,3326.731204
-5.211478,999,3329.009777
-4.984542,999,3331.300596
-4.741235,999,3333.570393
-5.263448,999,3335.834395
-5.064228,999,3338.085632
-5.012226,999,3340.334881
-5.275134,999,3342.591417
-5.467776,999,3344.864689
-4.912912,999,3347.108352
-5.459022,999,3349.387476
-5.041953,999,3351.634883
-5.299541,999,3353.900415
-5.148313,999,3356.177491
-4.92906,999,3358.420219
-5.400626,999,3360.667598
-4.886124,999,3362.938767
-5.269786,999,3365.199098
-5.168185,999,3367.433345
-5.429457,999,3369.675348
-5.615892,999,3371.912664
-4.939092,999,3374.16648
-5.22473,999,3376.421489
-5.022006,999,3378.679126
-5.24723,999,3380.9298
-4.997915,999,3383.173022
-5.568039,999,3385.439626
-5.375825,999,3387.679103
-4.867405,999,3389.917902
-5.277165,999,3392.171749
-4.953205,999,3394.404098
-5.17412,999,3396.663425
-5.154178,999,3398.93027
-5.060367,999,3401.189764
-5.020735,999,3403.477106
-4.611611,999,3405.746427
-5.371928,999,3408.039151
-5.034753,999,3410.329001
-5.482559,999,3412.625501
-4.985923,999,3414.917565
-5.354858,999,3417.184532
-5.425619,999,3419.451536
-5.718668,999,3421.700667
-5.07834,999,3423.9416
-5.09558,999,3426.176663
-5.247831,999,3428.420225
-4.977473,999,3430.660948
-5.165755,999,3432.905252
-4.98897,999,3435.147382
-5.364054,999,3437.38906
-5.033129,999,3439.620569
-4.817083,999,3441.856371
-5.247263,999,3444.139729
-5.017811,999,3446.403744
-5.005907,999,3448.654157
-5.20857,999,3450.88121
-5.066115,999,3453.161114
-4.931983,999,3455.5896
-4.801465,999,3458.059073
-4.937099,999,3460.524765
-4.845371,999,3462.986533
-4.800609,999,3465.237458
-5.144358,999,3467.466184
-5.283669,999,3469.703424
-4.870464,999,3471.947273
-5.189738,999,3474.209934
-4.992825,999,3476.446978
-5.267707,999,3478.710112
-5.339926,999,3480.951928
-5.184146,999,3483.202806
-5.33242,999,3485.427526
-5.174711,999,3487.711474
-5.177953,999,3489.980439
-4.779551,999,3492.267194
-5.716849,999,3494.560351
-5.368681,999,3496.829456
-5.040933,999,3499.094735
-4.982524,999,3501.354524
-5.469409,999,3503.585575
-5.031679,999,3505.84872
-5.159305,999,3508.09095
-5.135331,999,3510.333397
-4.865403,999,3512.567864
-5.453252,999,3514.81566
-4.75587,999,3517.0737
-4.907298,999,3519.31104
-5.253059,999,3521.56102
-5.027003,999,3523.83483
-5.293445,999,3526.071035
-5.515232,999,3528.342485
-5.150834,999,3530.600345
-5.421748,999,3532.833868
-4.801346,999,3535.083981
-5.267378,999,3537.334094
-4.824011,999,3539.575466
-5.093195,999,3541.810577
-4.99729,999,3544.049417
-5.105747,999,3546.310152
-5.621857,999,3548.549215
-5.16474,999,3550.777356
-5.648631,999,3553.023923
-4.80218,999,3555.272448
-4.933783,999,3557.511953
-5.108681,999,3559.773344
-5.141435,999,3562.035514
-4.951976,999,3564.314238
-5.30941,999,3566.602485
-5.168823,999,3568.890534
-5.235313,999,3571.204966
-4.899619,999,3573.492599
-4.84812,999,3575.758157
-4.890866,999,3578.017864
-5.287247,999,3580.298473
-4.987556,999,3582.553533
-5.38959,999,3584.829017
-5.333887,999,3587.06053
-5.051785,999,3589.395457
-5.402711,999,3591.738208
-5.013867,999,3594.062427
-5.39031,999,3596.331119
-4.831378,999,3598.578216
-5.105512,999,3600.841924
-5.278692,999,3603.115034
-5.27388,999,3605.368725
-5.272364,999,3607.627644
-5.145893,999,3609.905508
-4.928527,999,3612.173982
-5.787018,999,3614.429429
-5.131074,999,3616.684561
-5.140806,999,3618.955585
-4.538714,999,3621.204659
-5.140703,999,3623.452949
-5.228418,999,3625.706081
-5.120151,999,3627.958692
-5.199903,999,3630.194233
-5.300862,999,3632.459911
-5.01723,999,3634.696522
-5.439839,999,3636.968321
-5.689978,999,3639.211787
-5.082865,999,3641.456123
-5.608627,999,3643.722302
-5.341541,999,3645.974712
-5.325447,999,3648.254444
-4.975117,999,3650.529412
-5.380059,999,3652.811922
-5.07971,999,3655.103666
-4.996542,999,3657.382231
-4.846582,999,3659.612647
-5.175492,999,3661.890071
-5.279287,999,3664.157984
-5.269677,999,3666.433297
-4.92,999,3668.728278
-5.222362,999,3670.983854
-5.470365,999,3673.264734
-5.238152,999,3675.532258
-5.745185,999,3677.802123
-5.325438,999,3680.067856
-4.937783,999,3682.298301
-4.8624,999,3684.548328
-5.547397,999,3686.819325
-5.721309,999,3689.057513
-5.585446,999,3691.299451
-5.031782,999,3693.531491
-4.646275,999,3695.793965
-5.488578,999,3698.02619
-5.420356,999,3700.273607
-5.108133,999,3702.525891
-5.463039,999,3704.762467
-4.920661,999,3706.987706
-5.327061,999,3709.253137
-5.379244,999,3711.529646
-5.169399,999,3713.794438
-4.791106,999,3716.033716
-5.323846,999,3718.281468
-5.4503,999,3720.567399
-5.127902,999,3722.840175
-5.335934,999,3725.108677
-5.475741,999,3727.398475
-5.269071,999,3729.671903
-5.2489,999,3731.963501
-5.739596,999,3734.226593
-5.227899,999,3736.505846
-4.663251,999,3738.738223
-4.425255,999,3740.972944
-5.63387,999,3743.200593
-5.477512,999,3745.444074
-5.241316,999,3747.69808
-5.450899,999,3749.931919
-5.149384,999,3752.188129
-5.250608,999,3754.451115
-5.401795,999,3756.69629
-5.431301,999,3758.953631
-5.076553,999,3761.206098
-5.055873,999,3763.456281
-5.195391,999,3765.907592
-5.196112,999,3768.381937
-4.782783,999,3770.845608
-4.931669,999,3773.301098
-5.146464,999,3775.592508
-5.123622,999,3777.850472
-5.352205,999,3780.113519
-5.349598,999,3782.385349
-5.364171,999,3784.636775
-5.721308,999,3786.866981
-5.347879,999,3789.135129
-5.476076,999,3791.400473
-5.464551,999,3793.658014
-5.604665,999,3795.924757
-5.403828,999,3798.172154
-5.338712,999,3800.430281
-5.323815,999,3802.698493
-4.910172,999,3804.955459
-4.892005,999,3807.207797
-5.172173,999,3809.491149
-5.413997,999,3811.779659
-5.152807,999,3814.028156
-4.987575,999,3816.29627
-5.536691,999,3818.535605
-4.852717,999,3820.784871
-4.882725,999,3823.030321
-4.93197,999,3825.242835
-5.270714,999,3827.466588
-5.090748,999,3829.715186
-4.924113,999,3831.942327
-5.014812,999,3834.149849
-5.386204,999,3836.393433
-5.066888,999,3838.600809
-5.266477,999,3840.806861
-4.82776,999,3843.023582
-5.258235,999,3845.231532
-5.131199,999,3847.435977
-5.469045,999,3849.665435
-5.327056,999,3851.879968
-5.330289,999,3854.110844
-5.097041,999,3856.341224
-5.316777,999,3858.56061
-5.623452,999,3860.757322
-4.981964,999,3862.980896
-5.309523,999,3865.188391
-4.893084,999,3867.418958
-5.513471,999,3869.612591
-5.388738,999,3871.828014
-5.044927,999,3874.027058
-4.691279,999,3876.244414
-5.404941,999,3878.461046
-5.118045,999,3880.668133
-4.716771,999,3882.914554
-5.068594,999,3885.17023
-5.64678,999,3887.427016
-5.144879,999,3889.70757
-5.147881,999,3891.94415
-5.454499,999,3894.273721
-4.836534,999,3896.637475
-5.281225,999,3898.95912
-5.008176,999,3901.173379
-5.199931,999,3903.376445
-4.605505,999,3905.587749
-5.426579,999,3907.803455
-5.032804,999,3910.02122
-5.002672,999,3912.234785
-5.48476,999,3914.425862
-5.156783,999,3916.626454
-5.408771,999,3918.841907
-5.179972,999,3921.05046
-5.354277,999,3923.280359
-5.750973,999,3925.479532
-5.226643,999,3927.660477
-5.37144,999,3929.859409
-4.843719,999,3932.071598
-5.377242,999,3934.267026
-4.594566,999,3936.436287
-5.543672,999,3938.6615
-5.070805,999,3940.891319
-5.269311,999,3943.095922
-5.023605,999,3945.301198
-5.730085,999,3947.546677
-5.273592,999,3949.794969
-5.197781,999,3952.026405
-5.1261,999,3954.238683
-5.351816,999,3956.442102
-4.974469,999,3958.668051
-5.11242,999,3960.884802
-5.079083,999,3963.110148
-4.88497,999,3965.314659
-4.889691,999,3967.527705
-5.660059,999,3969.78099
-5.444045,999,3972.02443
-5.283217,999,3974.250834
-5.199534,999,3976.478158
-4.850886,999,3978.717023
-4.957734,999,3980.914681
-5.175199,999,3983.135531
-5.277286,999,3985.32617
-5.349088,999,3987.526924
-5.11531,999,3989.771196
-5.212296,999,3991.967818
-5.265753,999,3994.169569
-4.956463,999,3996.365119
-5.098919,999,3998.56759
-5.155777,999,4000.800004
-5.140058,999,4003.011873
-5.298222,999,4005.244567
-5.088243,999,4007.441784
-5.116998,999,4009.672199
-5.158883,999,4011.903025
-4.794969,999,4014.121185
-5.279571,999,4016.334636
-5.171149,999,4018.534111
-5.227697,999,4020.727181
-4.905995,999,4022.930356
-5.21082,999,4025.111294
-5.266196,999,4027.30255
-5.204273,999,4029.501296
-5.169594,999,4031.722517
-5.102417,999,4033.950522
-5.068608,999,4036.148732
-5.368223,999,4038.369643
-5.089577,999,4040.589325
-5.237238,999,4042.83295
-5.382648,999,4045.064083
-5.258942,999,4047.292351
-4.789785,999,4049.530196
-5.099282,999,4051.747279
-5.09722,999,4053.993416
-5.072888,999,4056.240919
-5.09417,999,4058.468525
-5.267916,999,4060.695566
-5.476374,999,4062.927202
-4.902637,999,4065.160225
-5.017453,999,4067.369528
-4.795473,999,4069.577258
-5.101765,999,4071.775562
-5.800891,999,4073.98648
-5.183689,999,4076.408323
-4.833276,999,4078.829733
-4.805868,999,4081.250477
-5.530683,999,4083.685288
-5.460883,999,4085.993423
-5.128533,999,4088.189278
-5.522396,999,4090.382409
-5.282958,999,4092.600063
-5.17927,999,4094.798327
-5.167268,999,4097.011241
-4.968266,999,4099.222299
-5.616498,999,4101.433037
-4.855143,999,4103.619587
-5.469975,999,4105.851083
-4.705227,999,4108.075893
-5.318577,999,4110.267045
-5.078592,999,4112.456738
-4.731718,999,4114.66486
-5.609794,999,4116.870188
-5.137171,999,4119.07612
-5.037095,999,4121.313367
-5.101421,999,4123.515954
-5.172016,999,4125.742664
-5.668004,999,4127.986758
-5.253973,999,4130.253628
-4.989318,999,4132.53134
-5.139261,999,4134.790454
-5.170951,999,4137.058122
-5.198013,999,4139.303265
-5.203192,999,4141.532703
-5.041964,999,4143.76347
-4.936809,999,4145.989695
-4.88225,999,4148.23006
-5.421601,999,4150.463955
-5.134715,999,4152.688922
-5.014472,999,4154.897473
-5.113289,999,4157.124167
-4.620129,999,4159.352619
-5.337993,999,4161.56638
-4.684321,999,4163.783993
-5.13758,999,4165.985793
-5.047355,999,4168.200408
-4.9117,999,4170.424309
-5.112289,999,4172.64471
-5.260087,999,4174.854497
-4.788422,999,4177.069376
-5.305704,999,4179.27571
-5.237717,999,4181.474283
-4.945357,999,4183.695745
-5.48838,999,4185.883064
-5.340419,999,4188.077492
-5.31876,999,4190.304389
-5.304561,999,4192.544286
-5.37834,999,4194.795579
-4.85087,999,4197.02178
-5.17375,999,4199.316442
-5.010171,999,4201.63116
-4.833214,999,4203.937979
-5.311461,999,4206.164037
-5.163808,999,4208.380015
-5.203405,999,4210.639333
-5.315084,999,4212.921849
-5.189747,999,4215.184857
-5.135026,999,4217.434746
-5.324283,999,4219.683327
-5.245744,999,4221.870285
-4.866977,999,4224.078538
-5.291296,999,4226.279245
-5.390339,999,4228.497563
-5.292008,999,4230.703343
-4.933369,999,4232.908089
-5.159657,999,4235.090783
-5.271691,999,4237.268646
-5.328005,999,4239.467786
-4.740028,999,4241.669682
-5.20468,999,4243.839188
-4.684114,999,4246.024763
-5.210434,999,4248.235039
-5.087022,999,4250.42809
-5.297113,999,4252.625019
-5.519959,999,4254.814584
-5.038313,999,4256.992309
-5.267222,999,4259.216021
-5.511874,999,4261.420822
-4.856176,999,4263.646157
-5.0595,999,4265.885891
-4.993958,999,4268.088975
-5.074737,999,4270.312043
-5.157842,999,4272.538811
-4.770556,999,4274.716142
-5.109973,999,4276.89836
-5.058931,999,4279.078824
-5.38825,999,4281.259912
-4.94457,999,4283.439386
-5.319524,999,4285.647376
-4.784184,999,4287.861767
-5.326171,999,4290.064448
-4.960772,999,4292.314735
-5.102506,999,4294.563343
-4.868615,999,4296.787659
-4.813191,999,4299.018919
-4.941728,999,4301.224423
-4.868199,999,4303.421566
-5.312413,999,4305.60822
-5.06817,999,4307.803095
-5.050642,999,4310.021056
-5.378992,999,4312.216467
-5.358465,999,4314.416083
-5.132255,999,4316.587816
-4.970377,999,4318.804418
-4.983922,999,4320.992091
-5.056665,999,4323.210473
-5.055184,999,4325.415499
-4.922941,999,4327.618581
-5.136272,999,4329.831092
-5.150358,999,4332.019904
-5.041399,999,4334.212846
-5.719837,999,4336.431601
-4.680839,999,4338.651675
-4.827556,999,4340.844389
-4.898495,999,4343.053696
-4.959567,999,4345.257199
-5.160998,999,4347.454465
-5.071526,999,4349.652567
-4.895376,999,4351.832986
-4.712185,999,4353.989376
-4.964907,999,4356.178245
-5.495733,999,4358.381725
-4.718182,999,4360.554012
-4.99902,999,4362.75392
-4.983061,999,4364.931716
-5.012398,999,4367.126555
-5.421297,999,4369.320176
-4.803066,999,4371.519404
-5.185939,999,4373.761409
-5.016158,999,4375.985959
-5.006518,999,4378.216951
-5.131593,999,4380.428589
-5.318699,999,4382.614235
-5.094611,999,4384.806508
-5.153381,999,4387.166411
-5.509094,999,4389.602407
-5.488429,999,4392.004803
-4.662006,999,4394.40649
-5.428299,999,4396.72656
-4.842677,999,4398.931925
-5.188357,999,4401.142025
-5.251736,999,4403.324506
-5.127,999,4405.511069
-5.048321,999,4407.717535
-4.991181,999,4409.954031
-4.968118,999,4412.157573
-4.712668,999,4414.349131
-4.871824,999,4416.547148
-5.155845,999,4418.733753
-4.88595,999,4420.932401
-5.007594,999,4423.139103
-4.899316,999,4425.346628
-4.936653,999,4427.575304
-5.297412,999,4429.806877
-5.005158,999,4432.007547
-5.200626,999,4434.209074
-5.410656,999,4436.361215
-4.794801,999,4438.562736
-5.477799,999,4440.75895
-4.983471,999,4442.97483
-5.185553,999,4445.178819
-5.281889,999,4447.380388
-5.019453,999,4449.60997
-4.966054,999,4451.861132
-5.110668,999,4454.106579
-5.215225,999,4456.335927
-5.147245,999,4458.554009
-5.146136,999,4460.80279
-4.659037,999,4462.990524
-5.119606,999,4465.19378
-4.957917,999,4467.382952
-5.496128,999,4469.575481
-5.112222,999,4471.771752
-5.068336,999,4473.967422
-4.681879,999,4476.16866
-5.045823,999,4478.381277
-5.724101,999,4480.577841
-4.936569,999,4482.794245
-5.580609,999,4485.001724
-4.740007,999,4487.203032
-4.982258,999,4489.414434
-4.969147,999,4491.594311
-4.990574,999,4493.791858
-4.99614,999,4495.992251
-5.083107,999,4498.194628
-5.086882,999,4500.375963
-5.072317,999,4502.594836
-5.743982,999,4504.85909
-5.029843,999,4507.162958
-5.156368,999,4509.473101
-5.173286,999,4511.686801
-4.984916,999,4513.911583
-5.132997,999,4516.11369
-5.379275,999,4518.326572
-5.151103,999,4520.511134
-4.706766,999,4522.687691
-5.366088,999,4524.86535
-4.860524,999,4527.068531
-5.111523,999,4529.269999
-5.431508,999,4531.460689
-5.361932,999,4533.68869
-5.471848,999,4535.886308
-5.015818,999,4538.102804
-5.091745,999,4540.348121
-4.802301,999,4542.550788
-5.228875,999,4544.732522
-5.082665,999,4546.932848
-5.134155,999,4549.149644
-5.20657,999,4551.343987
-4.931357,999,4553.57189
-5.439861,999,4555.790666
-5.259022,999,4558.006744
-5.51798,999,4560.225974
-5.302913,999,4562.459955
-5.227001,999,4564.664479
-5.082502,999,4566.860084
-5.160724,999,4569.054813
-5.462681,999,4571.288944
-5.054983,999,4573.497153
-4.852165,999,4575.71706
-5.110603,999,4577.951716
-5.41332,999,4580.153487
-4.53474,999,4582.361754
-5.569203,999,4584.562639
-5.160169,999,4586.75262
-5.045175,999,4588.947211
-5.504597,999,4591.147722
-5.093862,999,4593.331148
-5.228185,999,4595.531222
-5.082066,999,4597.735141
-5.218937,999,4599.959558
-5.071374,999,4602.162651
-5.027852,999,4604.381455
-5.067489,999,4606.58818
-5.066783,999,4608.827518
-5.211496,999,4611.019916
-5.220987,999,4613.231242
-5.50652,999,4615.470035
-5.489673,999,4617.718665
-4.99062,999,4619.948966
-4.874779,999,4622.188464
-5.431617,999,4624.396636
-5.26953,999,4626.620677
-5.105178,999,4628.844413
-4.980691,999,4631.057059
-5.36776,999,4633.264736
-5.300269,999,4635.482684
-5.279674,999,4637.686478
-5.153383,999,4639.883247
-4.804709,999,4642.084646
-5.174343,999,4644.290933
-5.482066,999,4646.483276
-5.000502,999,4648.705443
-5.298681,999,4650.930727
-5.069793,999,4653.125138
-5.305501,999,4655.31592
-5.18138,999,4657.517879
-5.07118,999,4659.7188
-5.411851,999,4661.903915
-5.212292,999,4664.097281
-5.4529,999,4666.311704
-5.464057,999,4668.512832
-5.301412,999,4670.714464
-5.439085,999,4672.940537
-5.130526,999,4675.148366
-5.153384,999,4677.361151
-4.9664,999,4679.553908
-5.104283,999,4681.755571
-5.452686,999,4683.941463
-5.265575,999,4686.161186
-5.581621,999,4688.357406
-5.198493,999,4690.573448
-5.442922,999,4692.784528
-5.760374,999,4695.032228
-5.503863,999,4697.415378
-4.996909,999,4699.866245
-5.325066,999,4702.299508
-5.393936,999,4704.717565
-5.223073,999,4707.07316
-5.426255,999,4709.256238
-5.595018,999,4711.464001
-5.452941,999,4713.664426
-5.550798,999,4715.847959
-5.066371,999,4718.052286
-4.713597,999,4720.239749
-5.127581,999,4722.469764
-5.314545,999,4724.686862
-4.978805,999,4726.912983
-5.205262,999,4729.138709
-5.541025,999,4731.363595
-5.166857,999,4733.596914
-5.521624,999,4735.822476
-5.00994,999,4738.045934
-5.32213,999,4740.249283
-5.414647,999,4742.447976
-5.425267,999,4744.659083
-5.795519,999,4746.871861
-4.806443,999,4749.076758
-5.493761,999,4751.301632
-5.696801,999,4753.509154
-5.604438,999,4755.710671
-4.936846,999,4757.916569
-5.163778,999,4760.104447
-5.60583,999,4762.333793
-5.565304,999,4764.550715
-5.20976,999,4766.779843
-4.882867,999,4768.991241
-4.561954,999,4771.197526
-5.303593,999,4773.450841
-4.843572,999,4775.684635
-5.679097,999,4777.921709
-4.971644,999,4780.166412
-5.357146,999,4782.41165
-4.904836,999,4784.621919
-4.756049,999,4786.838161
-5.393389,999,4789.07408
-5.528152,999,4791.288809
-5.381286,999,4793.474578
-5.048994,999,4795.687606
-4.956185,999,4797.895038
-5.263742,999,4800.100801
-4.959252,999,4802.32444
-5.374621,999,4804.556469
-5.214699,999,4806.755078
-5.383103,999,4808.951532
-5.244249,999,4811.305855
-4.911189,999,4813.632996
-5.395333,999,4815.877636
-5.562227,999,4818.100061
-5.30266,999,4820.324845
-4.879036,999,4822.529613
-5.21862,999,4824.740536
-5.195189,999,4826.943001
-5.754638,999,4829.158077
-5.526492,999,4831.376385
-5.053774,999,4833.591105
-5.542303,999,4835.791613
-5.234837,999,4838.008364
-5.404388,999,4840.210302
-5.443543,999,4842.399903
-4.935859,999,4844.626126
-5.383915,999,4846.851244
-5.010599,999,4849.083957
-5.094287,999,4851.28653
-5.091013,999,4853.507216
-5.376007,999,4855.710176
-5.595374,999,4857.950324
-5.140747,999,4860.201245
-5.733172,999,4862.422351
-4.896096,999,4864.618592
-5.368804,999,4866.859062
-5.155018,999,4869.071213
-5.075964,999,4871.294441
-5.517763,999,4873.497322
-4.611061,999,4875.702209
-5.239283,999,4877.883658
-4.820335,999,4880.100458
-4.939297,999,4882.322319
-4.99918,999,4884.535343
-5.057754,999,4886.762223
-5.324904,999,4888.969285
-5.264748,999,4891.162477
-4.857807,999,4893.38201
-5.158527,999,4895.614223
-5.139616,999,4897.805819
-5.168965,999,4900.034071
-5.825739,999,4902.21437
-5.11092,999,4904.424769
-5.009357,999,4906.626548
-5.197587,999,4908.840647
-5.282051,999,4911.072269
-5.22689,999,4913.289059
-5.236621,999,4915.510125
-5.062932,999,4917.717002
-5.171534,999,4919.909334
-5.229327,999,4922.111608
-5.332864,999,4924.326856
-5.178747,999,4926.527905
-5.07276,999,4928.740765
-5.328186,999,4930.949444
-5.450352,999,4933.146607
-4.881738,999,4935.373994
-5.12826,999,4937.599381
-5.127259,999,4939.860763
-5.162695,999,4942.098774
-5.517647,999,4944.315606
-5.508327,999,4946.513965
-5.078558,999,4948.703012
-5.151743,999,4950.887963
-5.289084,999,4953.090214
-5.145481,999,4955.264531
-5.432077,999,4957.45576
-5.132576,999,4959.625838
-5.033157,999,4961.831934
-5.167632,999,4964.029591
-5.083551,999,4966.228911
-5.261758,999,4968.44946
-5.113233,999,4970.663615
-5.340881,999,4972.886522
-4.900794,999,4975.092394
-4.947414,999,4977.299443
-4.842469,999,4979.510259
-4.841859,999,4981.711067
-5.281369,999,4983.921277
-4.563787,999,4986.142176
-5.406111,999,4988.372746
-5.069244,999,4990.60977
-5.368159,999,4992.809738
-5.281918,999,4995.029246
-5.445048,999,4997.243265
-4.757724,999,4999.446713
-5.091267,999,5001.651089
-5.277749,999,5003.883788
-5.13135,999,5006.090685
-4.964233,999,5008.445036
-5.157209,999,5010.842469
-4.95376,999,5013.251774
-4.978625,999,5015.69022
-5.072188,999,5018.044361
-5.184662,999,5020.264735
-5.091014,999,5022.508527
-4.876712,999,5024.739183
-5.228469,999,5026.929887
-4.688334,999,5029.148236
-5.333912,999,5031.33867
-5.09468,999,5033.520245
-5.113508,999,5035.724681
-5.02066,999,5037.922611
-5.003919,999,5040.102181
-4.743124,999,5042.290658
-5.324044,999,5044.479801
-5.312059,999,5046.656914
-5.616052,999,5048.870272
-5.241494,999,5051.0775
-5.289746,999,5053.278976
-5.450418,999,5055.465332
-4.944257,999,5057.655542
-4.999868,999,5059.849745
-5.537288,999,5062.028991
-5.411122,999,5064.196822
-5.006691,999,5066.377509
-4.94598,999,5068.571855
-5.383095,999,5070.790126
-5.492156,999,5072.976363
-4.995938,999,5075.157365
-5.197101,999,5077.346067
-4.933915,999,5079.55397
-5.144747,999,5081.758232
-4.894923,999,5083.954347
-5.340227,999,5086.156993
-5.411544,999,5088.392797
-5.237062,999,5090.596656
-5.166633,999,5092.801798
-5.200833,999,5095.049083
-5.195228,999,5097.30184
-5.251874,999,5099.543473
-5.14338,999,5101.775214
-5.201851,999,5104.017405
-4.952487,999,5106.23514
-4.973176,999,5108.435215
-5.455967,999,5110.639379
-5.112268,999,5112.842356
-5.010809,999,5115.106436
-4.818169,999,5117.407753
-5.302983,999,5119.718034
-5.298421,999,5121.914303
-5.25286,999,5124.102277
-5.405855,999,5126.279372
-5.237512,999,5128.478101
-4.957299,999,5130.690926
-5.08693,999,5132.923252
-5.445752,999,5135.137909
-4.999347,999,5137.35395
-4.865215,999,5139.574481
-5.158455,999,5141.791115
-4.827882,999,5144.00641
-4.745694,999,5146.219995
-4.967146,999,5148.439517
-5.030536,999,5150.6816
-5.369779,999,5152.908444
-5.15384,999,5155.116082
-4.813972,999,5157.329991
-5.544244,999,5159.502136
-5.038529,999,5161.696926
-5.052369,999,5163.898102
-5.35371,999,5166.097048
-5.161178,999,5168.280211
-5.059695,999,5170.500394
-5.02112,999,5172.713134
-5.192637,999,5174.923246
-4.993436,999,5177.187078
-5.425567,999,5179.410585
-5.22527,999,5181.649349
-4.924471,999,5183.889583
-4.823834,999,5186.094528
-4.894903,999,5188.304913
-4.952322,999,5190.488965
-5.156435,999,5192.666936
-5.019529,999,5194.876806
-4.555128,999,5197.074034
-4.995236,999,5199.267673
-5.020436,999,5201.466477
-5.15062,999,5203.674249
-5.322351,999,5205.875523
-5.040469,999,5208.088189
-5.113613,999,5210.292283
-5.004232,999,5212.476329
-5.012282,999,5214.674538
-4.883553,999,5216.875833
-5.121319,999,5219.073345
-4.783745,999,5221.276157
-4.864052,999,5223.482839
-4.886388,999,5225.68637
-5.370955,999,5227.883283
-5.108091,999,5230.104242
-5.256831,999,5232.319674
-5.01729,999,5234.494885
-4.992843,999,5236.685226
-5.169998,999,5238.892372
-5.322279,999,5241.096356
-5.097253,999,5243.281863
-5.228098,999,5245.489757
-5.456521,999,5247.692994
-5.542989,999,5249.897192
-4.992984,999,5252.100425
-5.317583,999,5254.297988
-4.998218,999,5256.512228
-5.31274,999,5258.723458
-5.061347,999,5260.941607
-4.910861,999,5263.192435
-4.930839,999,5265.418589
-4.397358,999,5267.612572
-5.089289,999,5269.81927
-5.34535,999,5272.032774
-5.098023,999,5274.249291
-4.776503,999,5276.44363
-4.977434,999,5278.626102
-4.813501,999,5280.81884
-4.805089,999,5283.018296
-5.766136,999,5285.205249
-5.286806,999,5287.400907
-5.111044,999,5289.603534
-5.611468,999,5291.808738
-5.120326,999,5294.041462
-5.154648,999,5296.246738
-5.506533,999,5298.446636
-5.009502,999,5300.632353
-4.678099,999,5302.828453
-4.789001,999,5305.04394
-5.219882,999,5307.249594
-4.508624,999,5309.432265
-5.031992,999,5311.595128
-5.341072,999,5313.776825
-4.712668,999,5315.960124
-5.203999,999,5318.19415
-5.294135,999,5320.594684
-5.048466,999,5323.000604
-4.981994,999,5325.403597
-5.382556,999,5327.814865
-5.120647,999,5330.034651
-4.979901,999,5332.226858
-5.212326,999,5334.427282
-5.317003,999,5336.663617
-5.182019,999,5338.892422
-4.864378,999,5341.114757
-5.081565,999,5343.350411
-5.191239,999,5345.567402
-5.146778,999,5347.749246
-5.166718,999,5349.964018
-5.118914,999,5352.186204
-5.604289,999,5354.37887
-5.29196,999,5356.576879
-5.007857,999,5358.766394
-5.041271,999,5360.953105
-5.052031,999,5363.152961
-5.5238,999,5365.354001
-5.282506,999,5367.55737
-5.148001,999,5369.764459
-5.208974,999,5371.958967
-5.241316,999,5374.147267
-4.836543,999,5376.343993
-5.33794,999,5378.534228
-4.867884,999,5380.733371
-5.025076,999,5382.936733
-4.702332,999,5385.128694
-4.689265,999,5387.333557
-5.063552,999,5389.524191
-4.969995,999,5391.742784
-5.375172,999,5393.953492
-5.249913,999,5396.148616
-5.016942,999,5398.339435
-4.920946,999,5400.523831
-4.908665,999,5402.724408
-5.168963,999,5404.913701
-5.023438,999,5407.094399
-5.819864,999,5409.284379
-5.188746,999,5411.469424
-5.022508,999,5413.656398
-5.214441,999,5415.87028
-4.91815,999,5418.088251
-5.182047,999,5420.347846
-4.883108,999,5422.654243
-5.129069,999,5424.978444
-5.067257,999,5427.179939
-5.336171,999,5429.37958
-5.290806,999,5431.580201
-4.914057,999,5433.775692
-5.0503,999,5435.979746
-5.315873,999,5438.147215
-4.783639,999,5440.313248
-5.35173,999,5442.517403
-5.024429,999,5444.710814
-5.021395,999,5446.89592
-5.093896,999,5449.099593
-5.002269,999,5451.302389
-5.522998,999,5453.517699
-5.474157,999,5455.70686
-4.75217,999,5457.898678
-4.728932,999,5460.075702
-5.426348,999,5462.27684
-5.112225,999,5464.47367
-5.019398,999,5466.642383
-5.365501,999,5468.839186
-4.750209,999,5471.051621
-5.162075,999,5473.246801
-5.091703,999,5475.441502
-5.115243,999,5477.613359
-5.02712,999,5479.813378
-5.205683,999,5482.026316
-5.103854,999,5484.231785
-5.13567,999,5486.441568
-5.362669,999,5488.645131
-4.785771,999,5490.823718
-4.853744,999,5493.028809
-4.925972,999,5495.211632
-4.826343,999,5497.435134
-5.004714,999,5499.667168
-5.354775,999,5501.911157
-5.202521,999,5504.135267
-4.809739,999,5506.336073
-4.981611,999,5508.549496
-5.534785,999,5510.72782
-5.131493,999,5512.927104
-4.947917,999,5515.115313
-4.98526,999,5517.28616
-5.298703,999,5519.490931
-5.279675,999,5521.647065
-4.999431,999,5523.852799
-4.762093,999,5526.026356
-5.548283,999,5528.215012
-5.299524,999,5530.412026
-5.154648,999,5532.60889
-5.360816,999,5534.79597
-4.93388,999,5536.973228
-5.234582,999,5539.158182
-4.578877,999,5541.352094
-5.247149,999,5543.529346
-4.846682,999,5545.721269
-5.319461,999,5547.910773
-4.852387,999,5550.073092
-5.003422,999,5552.266773
-5.239256,999,5554.430453
-5.326059,999,5556.634138
-4.96604,999,5558.80709
-5.069557,999,5560.993603
-4.704194,999,5563.174029
-5.343933,999,5565.347989
-5.619397,999,5567.562633
-4.919471,999,5569.745459
-5.344893,999,5571.930142
-5.483252,999,5574.099499
-5.144537,999,5576.267641
-5.273041,999,5578.495314
-5.227667,999,5580.725908
-5.067659,999,5582.935604
-5.296812,999,5585.146724
-4.730661,999,5587.375098
-5.190568,999,5589.569267
-5.274419,999,5591.758214
-4.667424,999,5593.976279
-4.959548,999,5596.159018
-5.339522,999,5598.355958
-5.013251,999,5600.55696
-5.061931,999,5602.75263
